id,pair_id,message,label,language,split_role,source,is_synthetic,channel,role,persona,pattern,qc_status,notes
ib_v1_000001,p_001,"Bhai mera phone toot gaya, yeh naya number hai. Mummy ko clinic le jaana hai, 4500 is UPI pe abhi bhej de: 9876512340@ybl. Abhi mat call karna, battery nahi hai.",IMPERSONATION_SCAM,Hinglish,train,synthetic_v1,True,whatsapp,scammer,brother,phone_broken,accepted,gold100 seed
ib_v1_000002,p_001,Bhai kal clinic ke baad ghar aa raha hun. Medicines ka 500 tere last wale UPI pe shaam tak bhej dunga. 7 baje phone pe baat kar lena.,LEGIT_PERSONAL,Hinglish,train,synthetic_v1,True,whatsapp,personal,brother,phone_broken,accepted,gold100 seed
ib_v1_000003,p_002,"Bro screen smash ho gaya, yeh cousin ke number se likh raha hun. Auto wale ko 1200 dena hai abhi, UPI kar de 8811122233@paytm pe. Baad mein samjhaunga.",IMPERSONATION_SCAM,Hinglish,train,synthetic_v1,True,whatsapp,scammer,brother,phone_broken,accepted,gold100 seed
ib_v1_000004,p_002,"Bro auto ka 1200 kal tere GPay pe return kar dunga, same number jo last week use kiya. Screen repair Monday ko karwaunga, abhi tension mat le.",LEGIT_PERSONAL,Hinglish,train,synthetic_v1,True,whatsapp,personal,brother,phone_broken,accepted,gold100 seed
ib_v1_000005,p_003,"Yaar mera handset drown ho gaya bathroom mein. Temporary SIM se msg hai. 3000 bhej de 7007007000@oksbi pe, landlord rent maang raha hai aaj. Call mat karna yeh number unknown hai.",IMPERSONATION_SCAM,Hinglish,train,synthetic_v1,True,whatsapp,scammer,friend,phone_broken,accepted,gold100 seed
ib_v1_000006,p_003,"Yaar rent ka 3000 jo tune advance diya tha, 3 tarikh ko tere hi UPI pe wapas kar dunga. Naya SIM nahi hai, yeh mera hi WhatsApp hai.",LEGIT_PERSONAL,Hinglish,train,synthetic_v1,True,whatsapp,personal,friend,phone_broken,accepted,gold100 seed
ib_v1_000007,p_004,"Papa phone gir ke kharab ho gaya. Neighbour ke mobile se likh raha hun. Gas cylinder wale ko 1100 UPI kar do is id pe cylinder-help@ybl. Jaldi, woh nikalne wala hai.",IMPERSONATION_SCAM,Hinglish,train,synthetic_v1,True,whatsapp,scammer,parent,phone_broken,accepted,gold100 seed
ib_v1_000008,p_004,"Papa gas booking mera usual number se ho gayi, 1100 Indane app se hi katega. Neighbour ke phone ki zarurat nahi, shaam ko ghar pe milte hain.",LEGIT_PERSONAL,Hinglish,train,synthetic_v1,True,whatsapp,personal,parent,phone_broken,accepted,gold100 seed
ib_v1_000009,p_005,"Didi mera iPhone repair shop mein chhod diya, yeh shop wale ka number hai. Cab ke liye 850 UPI kar de 9988776655@ibl pe. Abhi nikalna hai, call later.",IMPERSONATION_SCAM,Hinglish,train,synthetic_v1,True,whatsapp,scammer,sister,phone_broken,accepted,gold100 seed
ib_v1_000010,p_005,"Didi cab ka 850 split kal tere PhonePe pe bhej dungi, jo Diwali pe use kiya tha. iPhone service centre se Monday mil jayega.",LEGIT_PERSONAL,Hinglish,train,synthetic_v1,True,whatsapp,personal,sister,phone_broken,accepted,gold100 seed
ib_v1_000011,p_006,"Ravi this side, office phone toot gaya presentation se pehle. Client ko 2200 reimburse karna hai meri personal UPI pe: ravi-temp@okaxis. Slack pe mat likhna, client sensitive hai.",IMPERSONATION_SCAM,Hinglish,train,synthetic_v1,True,whatsapp,scammer,colleague,phone_broken,accepted,gold100 seed
ib_v1_000012,p_006,"Ravi here — client lunch ka 2200 expense portal pe daal dena usual GST bill ke saath. Personal UPI mat use karna, finance reject kar dega.",LEGIT_PERSONAL,Hinglish,train,synthetic_v1,True,whatsapp,personal,colleague,phone_broken,accepted,gold100 seed
ib_v1_000013,p_007,"Papa mera phone class mein tut gaya. Friend ke Android se msg. Project printout 900 ka hai, is UPI pe bhej do print-now@ybl. Ma'am waiting, call mat karna period chal raha hai.",IMPERSONATION_SCAM,Hinglish,train,synthetic_v1,True,whatsapp,scammer,child,phone_broken,accepted,gold100 seed
ib_v1_000014,p_007,"Papa project printout 900 college shop pe card se ho jayega, jo last time swipe kiya tha. Phone theek karwa lunga weekend pe, abhi UPI ki zarurat nahi.",LEGIT_PERSONAL,Hinglish,train,synthetic_v1,True,whatsapp,personal,child,phone_broken,accepted,gold100 seed
ib_v1_000015,p_008,"Bhai display dead hai, yeh PG wale ke phone se. Wifi recharge 499 khatam, is number pe 499 UPI kar de 9090901234@upi. Warna meeting miss ho jayegi.",IMPERSONATION_SCAM,Hinglish,train,synthetic_v1,True,whatsapp,scammer,brother,phone_broken,accepted,gold100 seed
ib_v1_000016,p_008,"Bhai wifi 499 ka recharge maine hi Jio app se kar diya saved card se. PG wale ke phone se paise mat bhejna, kal milte hain.",LEGIT_PERSONAL,Hinglish,train,synthetic_v1,True,whatsapp,personal,brother,phone_broken,accepted,gold100 seed
ib_v1_000017,p_009,"Dude phone motherboard gone, borrowed this number. Need 1800 for the repair token, send UPI to 8123456789@paytm now. Don't call this guy's phone, he's angry.",IMPERSONATION_SCAM,Hinglish,train,synthetic_v1,True,whatsapp,scammer,friend,phone_broken,accepted,gold100 seed
ib_v1_000018,p_009,"Dude repair shop ne 1800 quote diya, kal tere known UPI pe half split bhej dunga after I check the bill. Yeh mera hi chat hai.",LEGIT_PERSONAL,Hinglish,train,synthetic_v1,True,whatsapp,personal,friend,phone_broken,accepted,gold100 seed
ib_v1_000019,p_010,"Mummy phone service centre mein hai. Aunty ke mobile se bol rahi hun. Sabzi + medicine 1600 ho gaya, is UPI pe bhej do 9765432109@ybl. Ghar mat aana abhi, line lagi hai.",IMPERSONATION_SCAM,Hinglish,train,synthetic_v1,True,whatsapp,scammer,parent,phone_broken,accepted,gold100 seed
ib_v1_000020,p_010,"Mummy sabzi aur medicine 1600 ka bill photo bhej rahi hun, tere usual account se jab time ho tab transfer kar dena. Service centre se sham ko phone le lungi.",LEGIT_PERSONAL,Hinglish,train,synthetic_v1,True,whatsapp,personal,parent,phone_broken,accepted,gold100 seed
ib_v1_000021,p_011,"Didi charger melt ho gaya, yeh roommate ka WhatsApp web hai. Metro card 400 top-up kar de 8899001122@okicici pe. Train 10 min mein hai, reply mat karna.",IMPERSONATION_SCAM,Hinglish,train,synthetic_v1,True,whatsapp,scammer,sister,phone_broken,accepted,gold100 seed
ib_v1_000022,p_011,Didi metro card ka 400 maine already Paytm saved wallet se kar diya. Roommate ke account pe kuch mat bhejna. Station pe milte hain.,LEGIT_PERSONAL,Hinglish,train,synthetic_v1,True,whatsapp,personal,sister,phone_broken,accepted,gold100 seed
ib_v1_000023,p_012,"Priya, mera official handset drop ho gaya cab mein. Temporary personal UPI pe 3500 cab+hotel hold karna: priyahelp@oksbi. HR ko mat mail karna, embarrassing hai.",IMPERSONATION_SCAM,Hinglish,train,synthetic_v1,True,whatsapp,scammer,colleague,phone_broken,accepted,gold100 seed
ib_v1_000024,p_012,"Priya cab+hotel 3500 ka claim Concur pe daal diya with receipts. Official card use hua, personal UPI ki need nahi. HR mail skip, no issue.",LEGIT_PERSONAL,Hinglish,train,synthetic_v1,True,whatsapp,personal,colleague,phone_broken,accepted,gold100 seed
ib_v1_000025,p_013,"Bhai phone water damage, yeh naya dual SIM hai. Bike EMI 2700 aaj bounce hogi, is id pe bhej de emi-temp@ybl. Bank wale ko mat call karna, main handle karunga.",IMPERSONATION_SCAM,Hinglish,train,synthetic_v1,True,whatsapp,scammer,brother,phone_broken,accepted,gold100 seed
ib_v1_000026,p_013,"Bhai bike EMI 2700 auto-debit same account se jayegi jo always se hai. Naya UPI mat banana, bounce nahi hona chahiye.",LEGIT_PERSONAL,Hinglish,train,synthetic_v1,True,whatsapp,personal,brother,phone_broken,accepted,gold100 seed
ib_v1_000027,p_014,"Yaar display black, voice type se likh raha hun dost ke phone pe. Pizza party ka 2100 pending, 2100@apl pe UPI kar de. Host gussa ho raha hai.",IMPERSONATION_SCAM,Hinglish,train,synthetic_v1,True,whatsapp,scammer,friend,phone_broken,accepted,gold100 seed
ib_v1_000028,p_014,"Yaar pizza ka 2100 split Google Pay group mein request bhej di, jo hum last month use karte hain. Dost ke personal UPI pe mat bhejna.",LEGIT_PERSONAL,Hinglish,train,synthetic_v1,True,whatsapp,personal,friend,phone_broken,accepted,gold100 seed
ib_v1_000029,p_015,"Papa screen nahi chal raha, shop assistant ke number se. Exam form 750 last hour hai, is UPI pe 750 bhej do formfee@paytm. Office se mat phone lagana.",IMPERSONATION_SCAM,Hinglish,train,synthetic_v1,True,whatsapp,scammer,parent,phone_broken,accepted,gold100 seed
ib_v1_000030,p_015,"Papa exam form 750 NTA portal se hi pay kar dena saved card se, jo last year use kiya. Shop assistant ko UPI mat karna.",LEGIT_PERSONAL,Hinglish,train,synthetic_v1,True,whatsapp,personal,parent,phone_broken,accepted,gold100 seed
ib_v1_000031,p_016,"Didi handset stolen, yeh cafe ke wifi se login kiya. Locksmith 1300 maang raha hai, 1300 UPI kar de 9091987654@ybl. Location share nahi kar sakti.",IMPERSONATION_SCAM,Hinglish,train,synthetic_v1,True,whatsapp,scammer,sister,phone_broken,accepted,gold100 seed
ib_v1_000032,p_016,"Didi keys mil gayi, locksmith ki zarurat nahi. Jo 1300 tu ne socha tha woh save kar, kal coffee pe milte hain mere hi number pe.",LEGIT_PERSONAL,Hinglish,train,synthetic_v1,True,whatsapp,personal,sister,phone_broken,accepted,gold100 seed
ib_v1_000033,p_017,"Mumma phone repair wale ke paas hai. Unke UPI pe 2100 labour bhej do 8123981234@ibl. School se nikal ke unke ghar jaungi, tum call mat karna unko.",IMPERSONATION_SCAM,Hinglish,eval_holdout,synthetic_v1,True,whatsapp,scammer,child,phone_broken,accepted,gold100 seed
ib_v1_000034,p_017,"Mumma phone repair ka 2100 quote note kar liya, ghar aake card se denge jo hum hamesha use karte hain. Unke personal UPI pe abhi kuch mat bhejna.",LEGIT_PERSONAL,Hinglish,eval_holdout,synthetic_v1,True,whatsapp,personal,child,phone_broken,accepted,gold100 seed
ib_v1_000035,p_018,"Ankit here, dropped phone in lift. Using reception desk number. Need 1600 petty cash via UPI to desk-upi@okaxis before 5pm audit. Don't message on Teams.",IMPERSONATION_SCAM,Hinglish,eval_holdout,synthetic_v1,True,whatsapp,scammer,colleague,phone_broken,accepted,gold100 seed
ib_v1_000036,p_018,"Ankit — petty cash 1600 ke liye usual imprest form fill kar diya. Reception UPI pe mat bhejna, audit fail ho jayega. Teams pe thread hai.",LEGIT_PERSONAL,Hinglish,eval_holdout,synthetic_v1,True,whatsapp,personal,colleague,phone_broken,accepted,gold100 seed
ib_v1_000037,p_019,"Bhai naya keypad wala phone liya tootne ke baad. Electricity bill 3480 due, is private UPI pe pay kar de bill-pay@ybl warna disconnect. Society uncle ko mat batana.",IMPERSONATION_SCAM,Hinglish,eval_holdout,synthetic_v1,True,whatsapp,scammer,brother,phone_broken,accepted,gold100 seed
ib_v1_000038,p_019,"Bhai bijli bill 3480 BESCOM / app se hi bhar dena saved consumer number se. Private UPI pe bill mat bhejna, receipt nahi aayega.",LEGIT_PERSONAL,Hinglish,eval_holdout,synthetic_v1,True,whatsapp,personal,brother,phone_broken,accepted,gold100 seed
ib_v1_000039,p_020,"Yaar phone brick ho gaya update ke baad. Yeh kake ke number se. Helmet 2500 cash on delivery, UPI kar de 9000011111@paytm. Rider 5 min mein hai, pick up mat karna call.",IMPERSONATION_SCAM,Hinglish,eval_holdout,synthetic_v1,True,whatsapp,scammer,friend,phone_broken,accepted,gold100 seed
ib_v1_000040,p_020,"Yaar helmet 2500 Amazon pe hi order kar, saved address se. Kake ke number pe UPI mat karna. Evening ko ride pe milte hain.",LEGIT_PERSONAL,Hinglish,eval_holdout,synthetic_v1,True,whatsapp,personal,friend,phone_broken,accepted,gold100 seed
ib_v1_000041,p_021,"Didi accident ho gaya, hospital deposit 8000 abhi chahiye. Yeh dost ka phone hai, UPI kar do 9123456780@paytm. Papa ko mat batana, pehle paisa laga do.",IMPERSONATION_SCAM,Hinglish,train,synthetic_v1,True,whatsapp,scammer,sister,medical,accepted,gold100 seed
ib_v1_000042,p_021,"Didi checkup normal tha. Medicines ka 700 tere usual UPI pe kal bhej dungi, last Holi wala ID. Tension mat le, call pe already bata diya.",LEGIT_PERSONAL,Hinglish,train,synthetic_v1,True,whatsapp,personal,sister,medical,accepted,gold100 seed
ib_v1_000043,p_022,"Bhai fever 104, clinic ne 3500 advance maanga test ke liye. Yeh chemist ke number se likh raha hun. 3500 UPI: clinic-adv@ybl. Ghar mat aana, infection faila hai.",IMPERSONATION_SCAM,Hinglish,train,synthetic_v1,True,whatsapp,scammer,brother,medical,accepted,gold100 seed
ib_v1_000044,p_022,"Bhai fever hai, tests 3500 ke around honge — kal lab ke official counter pe card se denge. Chemist ke UPI pe advance mat bhejna.",LEGIT_PERSONAL,Hinglish,train,synthetic_v1,True,whatsapp,personal,brother,medical,accepted,gold100 seed
ib_v1_000045,p_023,"Papa nani ko drip lag raha hai. Staff ke phone se. 12000 ICU hold ke liye is UPI pe bhej do icu-hold@okicici. Visiting band hai, yahan mat aana, sirf paisa bhejo.",IMPERSONATION_SCAM,Hinglish,train,synthetic_v1,True,whatsapp,scammer,parent,medical,accepted,gold100 seed
ib_v1_000046,p_023,"Papa nani stable hain, ICU ka 12000 hospital billing desk pe hi dena jo last admission pe use kiya. Staff ke personal UPI pe kuch mat bhejna.",LEGIT_PERSONAL,Hinglish,train,synthetic_v1,True,whatsapp,personal,parent,medical,accepted,gold100 seed
ib_v1_000047,p_024,"Yaar food poisoning, ER mein hun. 4500 cashless nahi chal raha. Is number pe UPI 8888123412@ybl. Mera phone dead, yeh nurse ka hai, unko call mat karna.",IMPERSONATION_SCAM,Hinglish,train,synthetic_v1,True,whatsapp,scammer,friend,medical,accepted,gold100 seed
ib_v1_000048,p_024,"Yaar food poisoning thi, discharge ho gaya. 4500 ka bill photo bhej raha hun, jab free ho tere known UPI se half split kar dena. Nurse ko disturb mat karna.",LEGIT_PERSONAL,Hinglish,train,synthetic_v1,True,whatsapp,personal,friend,medical,accepted,gold100 seed
ib_v1_000049,p_025,"Mumma school infirmary se. Injection 600 ka, warden ke UPI pe 600 bhej do 7000556677@paytm. Class resume ho rahi, abhi call mat lagana.",IMPERSONATION_SCAM,Hinglish,train,synthetic_v1,True,whatsapp,scammer,child,medical,accepted,gold100 seed
ib_v1_000050,p_025,"Mumma infirmary ne 600 injection kaha, ghar aake medical card se settle karenge. Warden ke personal UPI pe mat bhejna, school policy ke khilaaf hai.",LEGIT_PERSONAL,Hinglish,train,synthetic_v1,True,whatsapp,personal,child,medical,accepted,gold100 seed
ib_v1_000051,p_026,"Neha, I fainted in pantry, clinic next door wants 2800 now. Send to neha-med@oksbi. Don't tell manager, I'll lose the onsite.",IMPERSONATION_SCAM,Hinglish,train,synthetic_v1,True,whatsapp,scammer,colleague,medical,accepted,gold100 seed
ib_v1_000052,p_026,"Neha pantry mein dizzy hui thi, clinic 2800 insurance se cover hoga. Personal UPI skip karo, HR mediclaim form group mein daal diya.",LEGIT_PERSONAL,Hinglish,train,synthetic_v1,True,whatsapp,personal,colleague,medical,accepted,gold100 seed
ib_v1_000053,p_027,"Bhai daant toot gaya, dentist 5000 advance. Reception ke QR se mat karna, yeh unka personal 5000@ybl hai jaldi. Dard se call nahi utha paunga.",IMPERSONATION_SCAM,Hinglish,train,synthetic_v1,True,whatsapp,scammer,brother,medical,accepted,gold100 seed
ib_v1_000054,p_027,"Bhai dentist 5000 ka estimate diya, Saturday ko unke clinic POS pe card chalega. Personal QR pe advance mat bhejna.",LEGIT_PERSONAL,Hinglish,train,synthetic_v1,True,whatsapp,personal,brother,medical,accepted,gold100 seed
ib_v1_000055,p_028,"Didi baby ka vaccine camp, 900 cash nahi chal raha. Volunteer ke UPI 8111222333@ibl pe bhej de. Line se nikalungi nahi, msg pe reply mat kar.",IMPERSONATION_SCAM,Hinglish,train,synthetic_v1,True,whatsapp,scammer,sister,medical,accepted,gold100 seed
ib_v1_000056,p_028,"Didi vaccine 900 government centre pe free / card se ho jayega. Volunteer personal UPI ignore kar, official token le lena.",LEGIT_PERSONAL,Hinglish,train,synthetic_v1,True,whatsapp,personal,sister,medical,accepted,gold100 seed
ib_v1_000057,p_029,"Papa eyesight test, shop ne 2200 frame ke liye abhi UPI maanga 7766554433@paytm. Yeh unka naya number hai, store pe mat aana offer khatam ho jayega.",IMPERSONATION_SCAM,Hinglish,train,synthetic_v1,True,whatsapp,scammer,parent,medical,accepted,gold100 seed
ib_v1_000058,p_029,"Papa frame 2200 ka pasand aaya, weekend ko optical store pe jaake card se lenge. Unke personal number pe UPI mat karna.",LEGIT_PERSONAL,Hinglish,train,synthetic_v1,True,whatsapp,personal,parent,medical,accepted,gold100 seed
ib_v1_000059,p_030,"Yaar stitches 18, pharmacy 1600 ka bill. Compounder ke phone se. 1600 UPI pharma-now@ybl. Blood dekh ke ghabra gaya, aana mat, sirf paisa.",IMPERSONATION_SCAM,Hinglish,train,synthetic_v1,True,whatsapp,scammer,friend,medical,accepted,gold100 seed
ib_v1_000060,p_030,"Yaar stitches ho gaye, pharmacy 1600 ka invoice WhatsApp pe bhej diya. Tere regular UPI se jab convenient ho tab bhej dena, koi jaldi nahi.",LEGIT_PERSONAL,Hinglish,train,synthetic_v1,True,whatsapp,personal,friend,medical,accepted,gold100 seed
ib_v1_000061,p_031,"Bhai oxygen cylinder 4200 deposit. Supplier ke driver ke UPI pe 4200@okaxis. Building gate pe wait, security ko mat bolna.",IMPERSONATION_SCAM,Hinglish,train,synthetic_v1,True,whatsapp,scammer,brother,medical,accepted,gold100 seed
ib_v1_000062,p_031,"Bhai oxygen supplier ka 4200 deposit unke official GST invoice pe hi dena. Driver personal UPI cancel, gate pe bill check karenge.",LEGIT_PERSONAL,Hinglish,train,synthetic_v1,True,whatsapp,personal,brother,medical,accepted,gold100 seed
ib_v1_000063,p_032,"Mummy physio 1800 aaj first session. Trainer ne naya UPI diya 9654123780@ybl. Class start ho gayi, baad mein baat, abhi bhej do.",IMPERSONATION_SCAM,Hinglish,train,synthetic_v1,True,whatsapp,scammer,parent,medical,accepted,gold100 seed
ib_v1_000064,p_032,Mummy physio 1800 package clinic reception se Monday book karenge. Trainer ke personal UPI pe first session mat bhejna.,LEGIT_PERSONAL,Hinglish,train,synthetic_v1,True,whatsapp,personal,parent,medical,accepted,gold100 seed
ib_v1_000065,p_033,"Didi blood test fasting, lab boy ke number se. 1350 UPI labboy@paytm pe warna sample discard. Main OT ke bahar hun, call disconnect kar dungi.",IMPERSONATION_SCAM,Hinglish,train,synthetic_v1,True,whatsapp,scammer,sister,medical,accepted,gold100 seed
ib_v1_000066,p_033,"Didi blood test 1350 lab ke billing window pe hi, jo last thyroid test pe gaya tha. Lab boy ke number pe UPI mat karna.",LEGIT_PERSONAL,Hinglish,train,synthetic_v1,True,whatsapp,personal,sister,medical,accepted,gold100 seed
ib_v1_000067,p_034,"Yaar ambulance 5400 cash nahi le rahe. Driver ke UPI 7317317317@ybl pe abhi. Hospital gate pe hun, siren ki wajah se call nahi uthega.",IMPERSONATION_SCAM,Hinglish,eval_holdout,synthetic_v1,True,whatsapp,scammer,friend,medical,accepted,gold100 seed
ib_v1_000068,p_034,"Yaar ambulance 5400 ka official receipt aa gaya, insurance claim mein laga denge. Driver UPI skip, billing desk se settle hua.",LEGIT_PERSONAL,Hinglish,eval_holdout,synthetic_v1,True,whatsapp,personal,friend,medical,accepted,gold100 seed
ib_v1_000069,p_035,"Papa sports injury, coach ke phone se. Ice pack + wrap 950, UPI coach-med@okicici. Ground se nikal nahi sakta, tum stadium mat aana.",IMPERSONATION_SCAM,Hinglish,eval_holdout,synthetic_v1,True,whatsapp,scammer,child,medical,accepted,gold100 seed
ib_v1_000070,p_035,"Papa ankle twist hua, wrap 950 ki dawai medical room se mil gayi. Coach ko UPI mat karna, school infirmary slip hai.",LEGIT_PERSONAL,Hinglish,eval_holdout,synthetic_v1,True,whatsapp,personal,child,medical,accepted,gold100 seed
ib_v1_000071,p_036,"Papa dialysis slot hold 7000. Technician ke personal QR, 7000 UPI dialysis-slot@ybl. Ward visiting band, sirf transfer karo.",IMPERSONATION_SCAM,Hinglish,eval_holdout,synthetic_v1,True,whatsapp,scammer,parent,medical,accepted,gold100 seed
ib_v1_000072,p_036,Papa dialysis 7000 hospital nephrology counter se prepaid hai jo always se hai. Technician QR ignore karna.,LEGIT_PERSONAL,Hinglish,eval_holdout,synthetic_v1,True,whatsapp,personal,parent,medical,accepted,gold100 seed
ib_v1_000073,p_037,"Papa aaj fees last date 15000. Phone chori ho gaya, dost ke number se. UPI friend-help@okicici pe bhej do. Warden khada hai, jaldi please.",IMPERSONATION_SCAM,Hinglish,train,synthetic_v1,True,whatsapp,scammer,parent,fees,accepted,gold100 seed
ib_v1_000074,p_037,"Papa fees ka remaining 2000 Monday ko college portal se pay kar dena, last semester wala login. Call pe receipt bhej dunga.",LEGIT_PERSONAL,Hinglish,train,synthetic_v1,True,whatsapp,personal,parent,fees,accepted,gold100 seed
ib_v1_000075,p_038,"Mumma exam form late fee 2400 aaj 5 baje tak. Coordinator ke UPI 2400@ybl. School se hold kiya hai, ghar mat aana pehle paisa bhejo.",IMPERSONATION_SCAM,Hinglish,train,synthetic_v1,True,whatsapp,scammer,child,fees,accepted,gold100 seed
ib_v1_000076,p_038,"Mumma late fee 2400 school ERP se hi, jo annual fees pe use kiya. Coordinator personal UPI school allow nahi karta.",LEGIT_PERSONAL,Hinglish,train,synthetic_v1,True,whatsapp,personal,child,fees,accepted,gold100 seed
ib_v1_000077,p_039,"Papa hostel mess dues 3800, warden ne naya QR bheja mess-due@paytm. Gate pass nahi milega warna. Unko personally call mat karna, busy hain.",IMPERSONATION_SCAM,Hinglish,train,synthetic_v1,True,whatsapp,scammer,parent,fees,accepted,gold100 seed
ib_v1_000078,p_039,"Papa mess dues 3800 hostel portal / DD se hi. Warden ke personal QR pe mat bhejna, notice board pe official account hai.",LEGIT_PERSONAL,Hinglish,train,synthetic_v1,True,whatsapp,personal,parent,fees,accepted,gold100 seed
ib_v1_000079,p_040,"Didi coaching installment 6200 aaj last. Sir ke personal UPI 9810012345@oksbi. Batch se nikaal denge, mummy ko mat batana fail ho jaungi.",IMPERSONATION_SCAM,Hinglish,train,synthetic_v1,True,whatsapp,scammer,sister,fees,accepted,gold100 seed
ib_v1_000080,p_040,"Didi coaching 6200 ka installment unke institute account pe, jo April mein use kiya. Sir ke personal UPI pe mat dena, receipt nahi milta.",LEGIT_PERSONAL,Hinglish,train,synthetic_v1,True,whatsapp,personal,sister,fees,accepted,gold100 seed
ib_v1_000081,p_041,"Papa bus fee 1750, conductor ke phone se reminder. UPI busfee-temp@ybl pe aaj. School office closed, kal late mark.",IMPERSONATION_SCAM,Hinglish,train,synthetic_v1,True,whatsapp,scammer,parent,fees,accepted,gold100 seed
ib_v1_000082,p_041,Papa bus fee 1750 school transport office ke listed account se. Conductor ke phone pe UPI mat karna.,LEGIT_PERSONAL,Hinglish,train,synthetic_v1,True,whatsapp,personal,parent,fees,accepted,gold100 seed
ib_v1_000083,p_042,"Papa lab breakage fine 900. Lab assistant ke UPI labfine@okaxis. Practical se pehle clear karna hai, class mein call mat karna.",IMPERSONATION_SCAM,Hinglish,train,synthetic_v1,True,whatsapp,scammer,child,fees,accepted,gold100 seed
ib_v1_000084,p_042,Papa lab fine 900 college accounts counter pe chalan se. Lab assistant ko direct UPI school handbook ke against hai.,LEGIT_PERSONAL,Hinglish,train,synthetic_v1,True,whatsapp,personal,child,fees,accepted,gold100 seed
ib_v1_000085,p_043,"Bhai semester exam fee 4100 midnight tak. Temporary student UPI 4100@ybl because portal down. Admin ko mail mat kar, woh ignore karte hain.",IMPERSONATION_SCAM,Hinglish,train,synthetic_v1,True,whatsapp,scammer,brother,fees,accepted,gold100 seed
ib_v1_000086,p_043,"Bhai exam fee 4100 portal down hai toh kal morning official window pe card se. Temporary student UPI skip, screenshot rakh.",LEGIT_PERSONAL,Hinglish,train,synthetic_v1,True,whatsapp,personal,brother,fees,accepted,gold100 seed
ib_v1_000087,p_044,"Papa PTA fund 800 aaj. Class teacher ke personal GPay 800@paytm. Meeting start, unko disturb mat karna sirf UPI.",IMPERSONATION_SCAM,Hinglish,train,synthetic_v1,True,whatsapp,scammer,parent,fees,accepted,gold100 seed
ib_v1_000088,p_044,"Papa PTA 800 school circular wale account number pe. Teacher ke GPay pe fund mat bhejna, audit hota hai.",LEGIT_PERSONAL,Hinglish,train,synthetic_v1,True,whatsapp,personal,parent,fees,accepted,gold100 seed
ib_v1_000089,p_045,"Papa uniform 2600 shop ke UPI pe 8899776611@ybl, school tie-up hai aaj only. Main shop pe hun, tum aana mat line lambi hai.",IMPERSONATION_SCAM,Hinglish,train,synthetic_v1,True,whatsapp,scammer,parent,fees,accepted,gold100 seed
ib_v1_000090,p_045,Papa uniform 2600 authorised school store pe card / listed UPI se. Random shop UPI pe aaj-only offer ignore karna.,LEGIT_PERSONAL,Hinglish,train,synthetic_v1,True,whatsapp,personal,parent,fees,accepted,gold100 seed
ib_v1_000091,p_046,"Mumma trip consent money 1500. Incharge ne naya QR trip-upi@okicici. Bus 20 min mein, signature baad mein, pehle paisa.",IMPERSONATION_SCAM,Hinglish,train,synthetic_v1,True,whatsapp,scammer,child,fees,accepted,gold100 seed
ib_v1_000092,p_046,"Mumma trip 1500 school notice ke account pe last date kal hai, koi jaldi nahi. Incharge personal QR nahi chalega.",LEGIT_PERSONAL,Hinglish,train,synthetic_v1,True,whatsapp,personal,child,fees,accepted,gold100 seed
ib_v1_000093,p_047,"Papa re-exam fee 3300 aaj 3 baje window band. Clerk ke UPI reexam@paytm. Office queue se nahi nikal sakta, paisa pehle.",IMPERSONATION_SCAM,Hinglish,eval_holdout,synthetic_v1,True,whatsapp,scammer,parent,fees,accepted,gold100 seed
ib_v1_000094,p_047,Papa re-exam 3300 controller of exams ke published UPI / DD se. Clerk personal Paytm pe mat bhejna.,LEGIT_PERSONAL,Hinglish,eval_holdout,synthetic_v1,True,whatsapp,personal,parent,fees,accepted,gold100 seed
ib_v1_000095,p_048,"Didi library overdue 450, librarian ne personal UPI libfine@ybl diya. ID card hold hai, mummy ko mat batana late fees ki wajah se.",IMPERSONATION_SCAM,Hinglish,eval_holdout,synthetic_v1,True,whatsapp,scammer,sister,fees,accepted,gold100 seed
ib_v1_000096,p_048,"Didi library 450 portal fine se clear hoga same student login se. Librarian personal UPI against rules hai, mummy ko tension dene ki zarurat nahi.",LEGIT_PERSONAL,Hinglish,eval_holdout,synthetic_v1,True,whatsapp,personal,sister,fees,accepted,gold100 seed
ib_v1_000097,p_049,"Yaar gaadi kharab highway pe, 3000 mechanic ko. Naya number SIM kho gaya. 3000 UPI 9090909090@ybl. Battery 2% call mat karna.",IMPERSONATION_SCAM,Hinglish,train,synthetic_v1,True,whatsapp,scammer,friend,stranded_friend,accepted,gold100 seed
ib_v1_000098,p_049,"Yaar trip cancel, jo 1500 advance tha tere same UPI pe raat tak wapas. Location share kar dunga jab nikalun, yeh mera hi number hai.",LEGIT_PERSONAL,Hinglish,train,synthetic_v1,True,whatsapp,personal,friend,stranded_friend,accepted,gold100 seed
ib_v1_000099,p_050,"Dude missed last train, hotel 2200 asking UPI on 8112233445@paytm. Using station wifi, this is a borrowed phone. Don't call, uncle will shout.",IMPERSONATION_SCAM,Hinglish,train,synthetic_v1,True,whatsapp,scammer,friend,stranded_friend,accepted,gold100 seed
ib_v1_000100,p_050,"Dude last train miss hui, hotel 2200 I'll pay on the hotel desk card tomorrow and split on our usual GPay. This is my number.",LEGIT_PERSONAL,Hinglish,train,synthetic_v1,True,whatsapp,personal,friend,stranded_friend,accepted,gold100 seed
ib_v1_000101,p_051,"Bhai tyre puncture, puncture wale ka QR 700@okaxis. Andhera hai, location mat aana, sirf 700 UPI kar de is naye id pe.",IMPERSONATION_SCAM,Hinglish,train,synthetic_v1,True,whatsapp,scammer,brother,stranded_friend,accepted,gold100 seed
ib_v1_000102,p_051,"Bhai tyre puncture ho gaya, 700 cash tha mere paas. Kal tere UPI pe 700 movie ke liye bhej dena jo tune cover kiya tha, koi emergency nahi.",LEGIT_PERSONAL,Hinglish,train,synthetic_v1,True,whatsapp,personal,brother,stranded_friend,accepted,gold100 seed
ib_v1_000103,p_052,"Yaar wallet gir gaya bus mein. Ticket + auto 1600, conductor ke UPI 1600@ybl. Next stop pe utar raha, call mat kar bus noise.",IMPERSONATION_SCAM,Hinglish,train,synthetic_v1,True,whatsapp,scammer,friend,stranded_friend,accepted,gold100 seed
ib_v1_000104,p_052,"Yaar wallet ghar reh gaya, ticket maine online ki thi. Auto 1600 ka split kal usual UPI pe. Conductor ko kuch mat bhejna.",LEGIT_PERSONAL,Hinglish,train,synthetic_v1,True,whatsapp,personal,friend,stranded_friend,accepted,gold100 seed
ib_v1_000105,p_053,"Client site pe cab cancel, 1900 prepaid UPI cab-now@oksbi reception se. Don't ping on Slack, client in the room. Phone not mine.",IMPERSONATION_SCAM,Hinglish,train,synthetic_v1,True,whatsapp,scammer,colleague,stranded_friend,accepted,gold100 seed
ib_v1_000106,p_053,"Client site cab cancel hui, 1900 company Uber business profile se book kar lo. Reception UPI nahi. Slack pe update daal diya.",LEGIT_PERSONAL,Hinglish,train,synthetic_v1,True,whatsapp,personal,colleague,stranded_friend,accepted,gold100 seed
ib_v1_000107,p_054,"Didi mall parking jammed, valet ne 500 extra UPI maanga 500@paytm naya. Main gate pe hun, tum aana mat traffic.",IMPERSONATION_SCAM,Hinglish,train,synthetic_v1,True,whatsapp,scammer,sister,stranded_friend,accepted,gold100 seed
ib_v1_000108,p_054,"Didi parking 500 extra nahi dena, mall app se slot book kar. Valet personal UPI skip. Gate pe 10 min mein nikal aati hun.",LEGIT_PERSONAL,Hinglish,train,synthetic_v1,True,whatsapp,personal,sister,stranded_friend,accepted,gold100 seed
ib_v1_000109,p_055,"Yaar phone dead, this tapri wale ka number. Bike petrol 650, UPI 9822011122@ybl. Highway dhaba, don't come it's unsafe, only money.",IMPERSONATION_SCAM,Hinglish,train,synthetic_v1,True,whatsapp,scammer,friend,stranded_friend,accepted,gold100 seed
ib_v1_000110,p_055,Yaar petrol 650 daal diya my card se. Kal ride ke snacks ka 200 tere usual UPI pe maangunga. Tapri wale ko UPI mat karna.,LEGIT_PERSONAL,Hinglish,train,synthetic_v1,True,whatsapp,personal,friend,stranded_friend,accepted,gold100 seed
ib_v1_000111,p_056,"Bhai bus breakdown, spare 2800 collector ke UPI spare-bus@okicici. Village network kharab, call drop hoga, sirf UPI.",IMPERSONATION_SCAM,Hinglish,train,synthetic_v1,True,whatsapp,scammer,brother,stranded_friend,accepted,gold100 seed
ib_v1_000112,p_056,"Bhai bus late hai, spare parts 2800 company handle karegi. Collector ko personal UPI mat bhejna. Ghar late pouhchunga that's it.",LEGIT_PERSONAL,Hinglish,train,synthetic_v1,True,whatsapp,personal,brother,stranded_friend,accepted,gold100 seed
ib_v1_000113,p_057,"Yaar lagage hold at cloak room 1100. Attendant QR cloak@ybl. Train 12 min, don't call I'll miss it.",IMPERSONATION_SCAM,Hinglish,train,synthetic_v1,True,whatsapp,scammer,friend,stranded_friend,accepted,gold100 seed
ib_v1_000114,p_057,Yaar cloak room 1100 official counter pe card chalega. Attendant QR ignore. Train se pehle main manage kar lunga.,LEGIT_PERSONAL,Hinglish,train,synthetic_v1,True,whatsapp,personal,friend,stranded_friend,accepted,gold100 seed
ib_v1_000115,p_058,"Airport surge, taxi 3200 on driver UPI 3200@paytm. Using his phone my battery died. Don't tell travel desk I booked personal.",IMPERSONATION_SCAM,Hinglish,train,synthetic_v1,True,whatsapp,scammer,colleague,stranded_friend,accepted,gold100 seed
ib_v1_000116,p_058,Airport taxi 3200 company preferred vendor se. Driver personal Paytm nahi. Travel desk ko mail kar diya for reimbursement.,LEGIT_PERSONAL,Hinglish,train,synthetic_v1,True,whatsapp,personal,colleague,stranded_friend,accepted,gold100 seed
ib_v1_000117,p_059,"Yaar ferry miss, next one 2600 private boat wale ke UPI boat@oksbi. Island pe hun, network kaat, call mat try karna.",IMPERSONATION_SCAM,Hinglish,eval_holdout,synthetic_v1,True,whatsapp,scammer,friend,stranded_friend,accepted,gold100 seed
ib_v1_000118,p_059,"Yaar ferry miss, next official ticket 2600 counter se. Private boat UPI mat karna. Evening wali ferry le lunga.",LEGIT_PERSONAL,Hinglish,eval_holdout,synthetic_v1,True,whatsapp,personal,friend,stranded_friend,accepted,gold100 seed
ib_v1_000119,p_060,"Bhai night bus full, agent ne 1800 UPI maanga last seat 1800@ybl. Stand ke peeche hun, tum mat aana, sirf paisa.",IMPERSONATION_SCAM,Hinglish,eval_holdout,synthetic_v1,True,whatsapp,scammer,brother,stranded_friend,accepted,gold100 seed
ib_v1_000120,p_060,"Bhai night bus waitlist pe hun, 1800 official window se hi. Agent UPI scam lagta hai skip. Subah wali bus bhi option hai.",LEGIT_PERSONAL,Hinglish,eval_holdout,synthetic_v1,True,whatsapp,personal,brother,stranded_friend,accepted,gold100 seed
ib_v1_000121,p_061,"Papa mummy ko mat batana. Mujhe 7000 chahiye abhi is naye UPI pe 7000@ybl. Ghar aake samjhaunga, pehle transfer kar de.",IMPERSONATION_SCAM,Hinglish,train,synthetic_v1,True,whatsapp,scammer,child,secrecy,accepted,gold100 seed
ib_v1_000122,p_061,"Papa mummy ke birthday cake ke liye 700 UPI kar dena mere same ID pe jo Diwali pe use kiya. Evening tak surprise, call tab mat karna jab bakery ho.",LEGIT_PERSONAL,Hinglish,train,synthetic_v1,True,whatsapp,personal,child,secrecy,accepted,gold100 seed
ib_v1_000123,p_062,"Mumma papa ko mat bolna. Phone bill + extra 4500 is dost ke UPI pe 8123000444@paytm. Shame feel ho raha, abhi bhej do baad mein baat.",IMPERSONATION_SCAM,Hinglish,train,synthetic_v1,True,whatsapp,scammer,child,secrecy,accepted,gold100 seed
ib_v1_000124,p_062,"Mumma papa ko surprise gift 450 ka socha, tere known UPI pe 450 bhej dena I'll repay from pocket money Friday. Koi extra bill nahi hai.",LEGIT_PERSONAL,Hinglish,train,synthetic_v1,True,whatsapp,personal,child,secrecy,accepted,gold100 seed
ib_v1_000125,p_063,"Bhai ghar walon ko mat batana, 9000 chahiye is naye number ke UPI pe. Court wali cheez nahi hai, bas jaldi kar de.",IMPERSONATION_SCAM,Hinglish,train,synthetic_v1,True,whatsapp,scammer,brother,secrecy,accepted,gold100 seed
ib_v1_000126,p_063,"Bhai ghar pe surprise dinner plan hai, 900 groceries mere usual UPI pe bhej dena. Court kuch nahi, normal weekend.",LEGIT_PERSONAL,Hinglish,train,synthetic_v1,True,whatsapp,personal,brother,secrecy,accepted,gold100 seed
ib_v1_000127,p_064,"Didi mummy ko mat batana, makeup course 5500 aaj lock. Sir ke personal UPI course-lock@okicici. Fail ho jaungi warna.",IMPERSONATION_SCAM,Hinglish,train,synthetic_v1,True,whatsapp,scammer,sister,secrecy,accepted,gold100 seed
ib_v1_000128,p_064,"Didi makeup kit 550 ka order Amazon pe hai, tere saved card se mat katna I'll use mine. Mummy ko surprise dena hai Sunday, koi course lock nahi.",LEGIT_PERSONAL,Hinglish,train,synthetic_v1,True,whatsapp,personal,sister,secrecy,accepted,gold100 seed
ib_v1_000129,p_065,"Yaar group mein mat likhna. 4000 chahiye is temp UPI 4000@ybl, family issue. Call recording ho sakti hai isliye sirf UPI.",IMPERSONATION_SCAM,Hinglish,train,synthetic_v1,True,whatsapp,scammer,friend,secrecy,accepted,gold100 seed
ib_v1_000130,p_065,"Yaar group mein spoil mat karna movie plan. Snacks 400 mere usual UPI pe split later. Family issue nahi, just spoiler alert.",LEGIT_PERSONAL,Hinglish,train,synthetic_v1,True,whatsapp,personal,friend,secrecy,accepted,gold100 seed
ib_v1_000131,p_066,"Papa yeh baat mummy se mat share karna. Bike down payment 12000 friend ke UPI pe aaj. Dealer wait nahi karega, call mat karna unko.",IMPERSONATION_SCAM,Hinglish,train,synthetic_v1,True,whatsapp,scammer,child,secrecy,accepted,gold100 seed
ib_v1_000132,p_066,"Papa bike research kar raha hun, 12000 down payment ke liye savings use karunga. Friend ke UPI pe dealer payment mat karna, showroom se hi.",LEGIT_PERSONAL,Hinglish,train,synthetic_v1,True,whatsapp,personal,child,secrecy,accepted,gold100 seed
ib_v1_000133,p_067,Don't tell Rohit. I need 2500 on this new UPI 2500@paytm for a private thing. Delete this chat after sending.,IMPERSONATION_SCAM,Hinglish,train,synthetic_v1,True,whatsapp,scammer,friend,secrecy,accepted,gold100 seed
ib_v1_000134,p_067,"Don't tell Rohit about the gift. 250 for wrapping, send on my old GPay when you can. No new UPI, chat rakh bhi sakte ho.",LEGIT_PERSONAL,Hinglish,train,synthetic_v1,True,whatsapp,personal,friend,secrecy,accepted,gold100 seed
ib_v1_000135,p_068,Bhai papa ko mat batana loan wali baat. 8000 is UPI pe 8800880088@ybl abhi. Collection wale ghar aa sakte hain.,IMPERSONATION_SCAM,Hinglish,train,synthetic_v1,True,whatsapp,scammer,brother,secrecy,accepted,gold100 seed
ib_v1_000136,p_068,"Bhai papa ko surprise tools gift 800 ka, mere regular UPI pe bhej dena. Loan collection kuch nahi, normal Amazon order.",LEGIT_PERSONAL,Hinglish,train,synthetic_v1,True,whatsapp,personal,brother,secrecy,accepted,gold100 seed
ib_v1_000137,p_069,"Didi in-laws ko mat batana. 6500 medical test private lab UPI lab-secret@oksbi. Family drama ho jayega warna, sirf paisa bhej.",IMPERSONATION_SCAM,Hinglish,train,synthetic_v1,True,whatsapp,scammer,sister,secrecy,accepted,gold100 seed
ib_v1_000138,p_069,Didi routine test 650 lab ke official desk pe. In-laws ko batane ki koi secret medical UPI nahi. Report group mein aa jayegi.,LEGIT_PERSONAL,Hinglish,train,synthetic_v1,True,whatsapp,personal,sister,secrecy,accepted,gold100 seed
ib_v1_000139,p_070,Mumma school wali aunty ko mat bolna. Fine 3200 principal ke personal UPI 3200@ybl. Name board pe lagega warna.,IMPERSONATION_SCAM,Hinglish,eval_holdout,synthetic_v1,True,whatsapp,scammer,child,secrecy,accepted,gold100 seed
ib_v1_000140,p_070,"Mumma school fine 320 circular ke according accounts se. Principal personal UPI nahi hota. Aunty ko normal baat kar lena, koi board nahi.",LEGIT_PERSONAL,Hinglish,eval_holdout,synthetic_v1,True,whatsapp,personal,child,secrecy,accepted,gold100 seed
ib_v1_000141,p_071,"Yaar office group mat tag karna. 5100 chahiye naye UPI pe 5100@okicici, HR wali complaint. Delete after pay.",IMPERSONATION_SCAM,Hinglish,eval_holdout,synthetic_v1,True,whatsapp,scammer,friend,secrecy,accepted,gold100 seed
ib_v1_000142,p_071,Yaar office group mein birthday spoil mat karna. Cake 510 mere old UPI pe later. HR complaint kuch nahi.,LEGIT_PERSONAL,Hinglish,eval_holdout,synthetic_v1,True,whatsapp,personal,friend,secrecy,accepted,gold100 seed
ib_v1_000143,p_072,"Papa yeh chat screenshot mat lena. 10000 is temp UPI pe tuition wale ne private maanga. Unko call mat karna, deal secret hai.",IMPERSONATION_SCAM,Hinglish,eval_holdout,synthetic_v1,True,whatsapp,scammer,child,secrecy,accepted,gold100 seed
ib_v1_000144,p_072,"Papa tuition 10000 institute ke listed account pe jaise last quarter. Private temp UPI pe mat dena, screenshot rakhna receipt ke liye theek hai.",LEGIT_PERSONAL,Hinglish,eval_holdout,synthetic_v1,True,whatsapp,personal,child,secrecy,accepted,gold100 seed
ib_v1_000145,p_073,"Bhai neighbour ka phone use kar raha hun, mera drown. 5000 bhej do 9876543210@paytm, kal return. Please yaar, unko call mat karna.",IMPERSONATION_SCAM,Hinglish,train,synthetic_v1,True,whatsapp,scammer,brother,borrowed_phone,accepted,gold100 seed
ib_v1_000146,p_073,"Bhai charger nahi hai isliye WhatsApp web se. Kal office mein 500 jo udhaar liya tha cash de dunga, UPI ki zarurat nahi. Neighbour involve nahi.",LEGIT_PERSONAL,Hinglish,train,synthetic_v1,True,whatsapp,personal,brother,borrowed_phone,accepted,gold100 seed
ib_v1_000147,p_074,Yaar using Rohit's phone mine is at service. Send 2700 to 9008007006@ybl for the spare. Don't call Rohit he'll get confused.,IMPERSONATION_SCAM,Hinglish,train,synthetic_v1,True,whatsapp,scammer,friend,borrowed_phone,accepted,gold100 seed
ib_v1_000148,p_074,"Yaar phone service centre mein hai, yeh mera WhatsApp linked hai. Spare 2700 kal centre pe card se. Rohit ko UPI mat bhejna.",LEGIT_PERSONAL,Hinglish,train,synthetic_v1,True,whatsapp,personal,friend,borrowed_phone,accepted,gold100 seed
ib_v1_000149,p_075,"Papa shopkeeper ke mobile se bol raha hun. 1400 ka saman uthana hai, unke UPI 1400@okaxis pe bhej do. Main queue mein hun.",IMPERSONATION_SCAM,Hinglish,train,synthetic_v1,True,whatsapp,scammer,parent,borrowed_phone,accepted,gold100 seed
ib_v1_000150,p_075,"Papa shop ka 1400 ghar aake mere usual UPI / cash se. Shopkeeper ke mobile pe abhi mat bhejna, bill leke aata hun.",LEGIT_PERSONAL,Hinglish,train,synthetic_v1,True,whatsapp,personal,parent,borrowed_phone,accepted,gold100 seed
ib_v1_000151,p_076,"Didi salon wali didi ka phone hai, mera bag locker mein. 1800 package UPI salon-temp@paytm. Dryer noise, call disconnect hoga.",IMPERSONATION_SCAM,Hinglish,train,synthetic_v1,True,whatsapp,scammer,sister,borrowed_phone,accepted,gold100 seed
ib_v1_000152,p_076,Didi salon package 1800 reception POS pe. Staff ke personal phone se UPI mat karna. Bag locker mein hi rehne de.,LEGIT_PERSONAL,Hinglish,train,synthetic_v1,True,whatsapp,personal,sister,borrowed_phone,accepted,gold100 seed
ib_v1_000153,p_077,"Using intern's phone, mine forgot at home. Need 2100 UPI intern-upi@oksbi for courier collect. Don't email intern, awkward.",IMPERSONATION_SCAM,Hinglish,train,synthetic_v1,True,whatsapp,scammer,colleague,borrowed_phone,accepted,gold100 seed
ib_v1_000154,p_077,"Forgot phone at home, sending from laptop WhatsApp. Courier 2100 company account se. Intern ke UPI pe collect mat karna.",LEGIT_PERSONAL,Hinglish,train,synthetic_v1,True,whatsapp,personal,colleague,borrowed_phone,accepted,gold100 seed
ib_v1_000155,p_078,"Bhai cousin ke handset se. 3600 chahiye 3600@ybl pe, mera SIM nahi chal raha. Cousin ko mat ring karna so raha hai.",IMPERSONATION_SCAM,Hinglish,train,synthetic_v1,True,whatsapp,scammer,brother,borrowed_phone,accepted,gold100 seed
ib_v1_000156,p_078,"Bhai cousin ke ghar hun but yeh mera number hai. 3600 ki koi emergency nahi, kal usual UPI pe movie tickets settle karenge.",LEGIT_PERSONAL,Hinglish,train,synthetic_v1,True,whatsapp,personal,brother,borrowed_phone,accepted,gold100 seed
ib_v1_000157,p_079,"Guard ke phone se likh raha society gate pe. 800 visitor parking UPI guard-park@paytm. Gate pe wait, tum bahar mat aana.",IMPERSONATION_SCAM,Hinglish,train,synthetic_v1,True,whatsapp,scammer,friend,borrowed_phone,accepted,gold100 seed
ib_v1_000158,p_079,Society parking 800 app se already paid. Guard ke personal UPI pe mat bhejna. Gate pe 5 min mein aa raha hun mere number se.,LEGIT_PERSONAL,Hinglish,train,synthetic_v1,True,whatsapp,personal,friend,borrowed_phone,accepted,gold100 seed
ib_v1_000159,p_080,"Mummy relative ke phone se, mera switch off. 2500 for taxi from station 2500@okicici. Relative ko baat mat karna late night hai.",IMPERSONATION_SCAM,Hinglish,train,synthetic_v1,True,whatsapp,scammer,parent,borrowed_phone,accepted,gold100 seed
ib_v1_000160,p_080,"Mummy station se taxi 2500 around hogi, ghar aake usual UPI se settle. Relative ke number pe paise mat bhejna, main call kar lunga.",LEGIT_PERSONAL,Hinglish,train,synthetic_v1,True,whatsapp,personal,parent,borrowed_phone,accepted,gold100 seed
ib_v1_000161,p_081,"Reception phone se, badge printer down. 950 temp UPI print-temp@ybl for vendor. Don't raise IT ticket yet.",IMPERSONATION_SCAM,Hinglish,train,synthetic_v1,True,whatsapp,scammer,colleague,borrowed_phone,accepted,gold100 seed
ib_v1_000162,p_081,"Badge printer down, IT ticket daal diya. 950 vendor ko company PO se. Reception UPI nahi. Laptop se likh raha hun.",LEGIT_PERSONAL,Hinglish,train,synthetic_v1,True,whatsapp,personal,colleague,borrowed_phone,accepted,gold100 seed
ib_v1_000163,p_082,Bhai PG cook ke phone se. Gas khatam 1100 cylinder wale ke UPI 1100@paytm. Cook ko call mat kar subah ki duty hai.,IMPERSONATION_SCAM,Hinglish,train,synthetic_v1,True,whatsapp,scammer,brother,borrowed_phone,accepted,gold100 seed
ib_v1_000164,p_082,Bhai cylinder 1100 official booking number se. Cook ke phone pe UPI mat karna. PG group mein already update hai.,LEGIT_PERSONAL,Hinglish,train,synthetic_v1,True,whatsapp,personal,brother,borrowed_phone,accepted,gold100 seed
ib_v1_000165,p_083,"Didi roommate ka phone, mera freeze ho gaya. 1700 rent difference 1700@oksbi. Roommate so rahi, disturb mat karna.",IMPERSONATION_SCAM,Hinglish,train,synthetic_v1,True,whatsapp,scammer,sister,borrowed_phone,accepted,gold100 seed
ib_v1_000166,p_083,Didi rent difference 1700 landlord ke listed UPI pe jaise last month. Roommate ke phone / UPI pe mat bhejna. Mera WhatsApp web chal raha.,LEGIT_PERSONAL,Hinglish,train,synthetic_v1,True,whatsapp,personal,sister,borrowed_phone,accepted,gold100 seed
ib_v1_000167,p_084,Yaar cafe ke tablet se login kiya. 1300 bill unke UPI cafe-tab@ybl kyunki wallet fail. Staff ko call mat karna shift change.,IMPERSONATION_SCAM,Hinglish,eval_holdout,synthetic_v1,True,whatsapp,scammer,friend,borrowed_phone,accepted,gold100 seed
ib_v1_000168,p_084,"Yaar cafe bill 1300 card se ho gaya. Unke tablet UPI pe extra mat bhejna. Mera phone theek hai, photo bhej raha hun.",LEGIT_PERSONAL,Hinglish,eval_holdout,synthetic_v1,True,whatsapp,personal,friend,borrowed_phone,accepted,gold100 seed
ib_v1_000169,p_085,"Bhai hospital waiting ke public phone se. 2400 pharmacy queue, UPI 2400@paytm public-booth. Announcement ho rahi call mat.",IMPERSONATION_SCAM,Hinglish,eval_holdout,synthetic_v1,True,whatsapp,scammer,brother,borrowed_phone,accepted,gold100 seed
ib_v1_000170,p_085,Bhai pharmacy 2400 hospital billed account se. Public booth UPI skip. Waiting area se mere number pe text kar raha hun.,LEGIT_PERSONAL,Hinglish,eval_holdout,synthetic_v1,True,whatsapp,personal,brother,borrowed_phone,accepted,gold100 seed
ib_v1_000171,p_086,"Driver's phone, mine in meeting room. 2800 toll+fuel driver-upi@okaxis. Don't call driver he's on highway.",IMPERSONATION_SCAM,Hinglish,eval_holdout,synthetic_v1,True,whatsapp,scammer,colleague,borrowed_phone,accepted,gold100 seed
ib_v1_000172,p_086,Meeting room se laptop pe likh raha. Toll+fuel 2800 company Fastag / fuel card. Driver UPI nahi. Cab vendor invoice aayega.,LEGIT_PERSONAL,Hinglish,eval_holdout,synthetic_v1,True,whatsapp,personal,colleague,borrowed_phone,accepted,gold100 seed
ib_v1_000173,p_087,"Yaar 2500 abhi meri personal UPI pe bhej de, client cash nikalna hai. Naya UPI purana block. Manager ko mat bolna, kal return pakka.",IMPERSONATION_SCAM,Hinglish,train,synthetic_v1,True,whatsapp,scammer,colleague,return_tomorrow,accepted,gold100 seed
ib_v1_000174,p_087,"Yaar jo 2500 lunch+cab split tha, kal subah tere hi GPay pe return kar dunga same number. Thanks for covering today.",LEGIT_PERSONAL,Hinglish,train,synthetic_v1,True,whatsapp,personal,colleague,return_tomorrow,accepted,gold100 seed
ib_v1_000175,p_088,"Bhai 2000 abhi UPI kar de, kal subah return. Yeh naya UPI hai purana block ho gaya. Kisi ko mat bolna.",IMPERSONATION_SCAM,Hinglish,train,synthetic_v1,True,whatsapp,scammer,brother,return_tomorrow,accepted,gold100 seed
ib_v1_000176,p_088,"Bhai jo 2000 udhaar liya tha, kal subah tere hi UPI pe return kar dunga, same ID. Thanks yaar.",LEGIT_PERSONAL,Hinglish,train,synthetic_v1,True,whatsapp,personal,brother,return_tomorrow,accepted,gold100 seed
ib_v1_000177,p_089,"Need 1800 on 1800@ybl now, petty from my side, refund tomorrow 9am. New handle, old UPI KYC failed. Don't put on the group.",IMPERSONATION_SCAM,Hinglish,train,synthetic_v1,True,whatsapp,scammer,colleague,return_tomorrow,accepted,gold100 seed
ib_v1_000178,p_089,"1800 stationery I'll refund on the office reimbursement tomorrow, your known UPI not needed today. Group mein already noted.",LEGIT_PERSONAL,Hinglish,train,synthetic_v1,True,whatsapp,personal,colleague,return_tomorrow,accepted,gold100 seed
ib_v1_000179,p_090,"Yaar 3200 abhi bhej de 3200@paytm, kal cricket tickets ke paise wapas. Temporary UPI, don't save this number.",IMPERSONATION_SCAM,Hinglish,train,synthetic_v1,True,whatsapp,scammer,friend,return_tomorrow,accepted,gold100 seed
ib_v1_000180,p_090,Yaar cricket tickets 3200 ka mera share kal tere old UPI pe. Temporary number save karne ki zarurat nahi kyunki yeh mera hi hai.,LEGIT_PERSONAL,Hinglish,train,synthetic_v1,True,whatsapp,personal,friend,return_tomorrow,accepted,gold100 seed
ib_v1_000181,p_091,"Bhai 1500 UPI now 1500@okicici, milk agency cash. Kal subah reverse. Naya QR, purana SIM issue. Ghar pe mat mention karna.",IMPERSONATION_SCAM,Hinglish,train,synthetic_v1,True,whatsapp,scammer,brother,return_tomorrow,accepted,gold100 seed
ib_v1_000182,p_091,"Bhai milk 1500 monthly auto hi kat ta hai. Extra UPI ki need nahi, kal jo snacks ka 150 tha woh tere usual pe bhej dunga.",LEGIT_PERSONAL,Hinglish,train,synthetic_v1,True,whatsapp,personal,brother,return_tomorrow,accepted,gold100 seed
ib_v1_000183,p_092,"Team lunch 4200 I'll reverse tomorrow, send to lunch-temp@oksbi. Old UPI frozen. Skip the expense bot for now.",IMPERSONATION_SCAM,Hinglish,train,synthetic_v1,True,whatsapp,scammer,colleague,return_tomorrow,accepted,gold100 seed
ib_v1_000184,p_092,Team lunch 4200 expense bot pe split request hai. Temp UPI skip. Tomorrow I'll hit approve on the usual thread.,LEGIT_PERSONAL,Hinglish,train,synthetic_v1,True,whatsapp,personal,colleague,return_tomorrow,accepted,gold100 seed
ib_v1_000185,p_093,"Bhai 6000 abhi 6000@ybl, kal salary aate hi return. Phone number change, yeh backup UPI. Papa ko mat batana.",IMPERSONATION_SCAM,Hinglish,train,synthetic_v1,True,whatsapp,scammer,brother,return_tomorrow,accepted,gold100 seed
ib_v1_000186,p_093,"Bhai salary aate hi jo 600 udhaar tha tere known UPI pe bhej dunga. Number change nahi hua, backup UPI mat use karna.",LEGIT_PERSONAL,Hinglish,train,synthetic_v1,True,whatsapp,personal,brother,return_tomorrow,accepted,gold100 seed
ib_v1_000187,p_094,"Cab for client 2700, UPI cabtemp@paytm now, reverse next morning. Don't cc travel. Handset is temporary.",IMPERSONATION_SCAM,Hinglish,train,synthetic_v1,True,whatsapp,scammer,colleague,return_tomorrow,accepted,gold100 seed
ib_v1_000188,p_094,Client cab 2700 Uber business se. Reverse ki zarurat nahi personal pe. Travel already cc'd. Handset same as always.,LEGIT_PERSONAL,Hinglish,train,synthetic_v1,True,whatsapp,personal,colleague,return_tomorrow,accepted,gold100 seed
ib_v1_000189,p_095,"Printer toner 1100, vendor wants UPI 1100@okaxis now, I'll reimburse tomorrow. New vendor QR, don't tell admin.",IMPERSONATION_SCAM,Hinglish,train,synthetic_v1,True,whatsapp,scammer,colleague,return_tomorrow,accepted,gold100 seed
ib_v1_000190,p_095,"Printer toner 1100 PO se. Vendor personal QR nahi. Admin already knows, reimburse personal pe kal ki need nahi.",LEGIT_PERSONAL,Hinglish,train,synthetic_v1,True,whatsapp,personal,colleague,return_tomorrow,accepted,gold100 seed
ib_v1_000191,p_096,"Bhai 800 abhi 800@ybl chai+auto, kal wapas. Yeh cousin ka UPI, mera KYC pending. Call pe mat poochna.",IMPERSONATION_SCAM,Hinglish,train,synthetic_v1,True,whatsapp,scammer,brother,return_tomorrow,accepted,gold100 seed
ib_v1_000192,p_096,"Bhai chai+auto 80-100 max, kal cash. Cousin ke UPI pe 800 mat bhejna. KYC mere account pe already done hai.",LEGIT_PERSONAL,Hinglish,train,synthetic_v1,True,whatsapp,personal,brother,return_tomorrow,accepted,gold100 seed
ib_v1_000193,p_097,"Advance 3500 for demo SIM, return tomorrow 3500@paytm. Temp number from vendor. Keep off email.",IMPERSONATION_SCAM,Hinglish,train,synthetic_v1,True,whatsapp,scammer,colleague,return_tomorrow,accepted,gold100 seed
ib_v1_000194,p_097,Demo SIM 3500 vendor invoice se company. Personal Paytm advance nahi. Email pe thread open rakhna audit ke liye.,LEGIT_PERSONAL,Hinglish,train,synthetic_v1,True,whatsapp,personal,colleague,return_tomorrow,accepted,gold100 seed
ib_v1_000195,p_098,"Parking 900 now on 900@oksbi, I'll return tomorrow. New UPI because wallet locked. Don't put in standup notes.",IMPERSONATION_SCAM,Hinglish,eval_holdout,synthetic_v1,True,whatsapp,scammer,colleague,return_tomorrow,accepted,gold100 seed
ib_v1_000196,p_098,"Parking 900 building Fastag / office card. Wallet locked story ignore. Standup mein mention optional, personal UPI nahi.",LEGIT_PERSONAL,Hinglish,eval_holdout,synthetic_v1,True,whatsapp,personal,colleague,return_tomorrow,accepted,gold100 seed
ib_v1_000197,p_099,"Bhai 4500 abhi 4500@ybl, kal UPI reverse pakka. Naya handle, purana dispute mein. Didi ko mat batana.",IMPERSONATION_SCAM,Hinglish,eval_holdout,synthetic_v1,True,whatsapp,scammer,brother,return_tomorrow,accepted,gold100 seed
ib_v1_000198,p_099,"Bhai 450 jo tune movie ke liye diya, kal tere old handle pe reverse. Dispute kuch nahi, didi ko bata bhi sakte ho.",LEGIT_PERSONAL,Hinglish,eval_holdout,synthetic_v1,True,whatsapp,personal,brother,return_tomorrow,accepted,gold100 seed
ib_v1_000199,p_100,"Yaar 2100 now 2100@paytm I'll send back tomorrow after cash out. Don't save beneficiary, it's a one-time UPI.",IMPERSONATION_SCAM,Hinglish,eval_holdout,synthetic_v1,True,whatsapp,scammer,friend,return_tomorrow,accepted,gold100 seed
ib_v1_000200,p_100,"Yaar 2100 jo tune already cover kiya, kal tere saved beneficiary pe wapas. One-time UPI banane ki need nahi, yeh mera old ID hai.",LEGIT_PERSONAL,Hinglish,eval_holdout,synthetic_v1,True,whatsapp,personal,friend,return_tomorrow,accepted,gold100 seed
ib_v1_000201,p_101,"Bhai charger blast ho gaya, yeh naya feature phone hai. 2800 locksmith UPI 9900112233@ybl pe abhi. Call mat karna yeh number unknown.",IMPERSONATION_SCAM,Hinglish,train,synthetic_v1,True,whatsapp,scammer,brother,phone_broken,accepted,v1 extra matched pair
ib_v1_000202,p_101,"Bhai locksmith ki zarurat nahi, keys mil gayi. 2800 mat bhejna. Kal tere usual UPI pe coffee ka 200 settle kar dunga.",LEGIT_PERSONAL,Hinglish,train,synthetic_v1,True,whatsapp,personal,brother,phone_broken,accepted,v1 extra matched pair
ib_v1_000203,p_102,"Papa MRI slot hold 9500. Technician ke personal QR mri-hold@paytm. Ward se nahi nikal sakta, visiting mat aana.",IMPERSONATION_SCAM,Hinglish,train,synthetic_v1,True,whatsapp,scammer,parent,medical,accepted,v1 extra matched pair
ib_v1_000204,p_102,Papa MRI 9500 hospital radiology counter se prepaid. Technician QR ignore. Report portal pe aa jayegi.,LEGIT_PERSONAL,Hinglish,train,synthetic_v1,True,whatsapp,personal,parent,medical,accepted,v1 extra matched pair
ib_v1_000205,p_103,"Mumma workshop fee 2100 aaj 4 baje. Coordinator ke UPI workshop@okicici. Class hold, ghar mat aana pehle paisa.",IMPERSONATION_SCAM,Hinglish,train,synthetic_v1,True,whatsapp,scammer,child,fees,accepted,v1 extra matched pair
ib_v1_000206,p_103,"Mumma workshop 2100 school ERP se, last date kal. Coordinator personal UPI nahi chalega.",LEGIT_PERSONAL,Hinglish,train,synthetic_v1,True,whatsapp,personal,child,fees,accepted,v1 extra matched pair
ib_v1_000207,p_104,"Yaar tyre burst, towing 4100 driver ke UPI tow@ybl. Highway dark, aana mat, sirf UPI. Battery 3%.",IMPERSONATION_SCAM,Hinglish,train,synthetic_v1,True,whatsapp,scammer,friend,stranded_friend,accepted,v1 extra matched pair
ib_v1_000208,p_104,"Yaar tyre slow puncture, 4100 towing company card se. Driver personal UPI skip. Location share kar raha hun mere number se.",LEGIT_PERSONAL,Hinglish,train,synthetic_v1,True,whatsapp,personal,friend,stranded_friend,accepted,v1 extra matched pair
ib_v1_000209,p_105,"Didi mummy ko mat batana, 4800 chahiye naye UPI 4800@oksbi pe. Private baat, chat delete kar dena.",IMPERSONATION_SCAM,Hinglish,train,synthetic_v1,True,whatsapp,scammer,sister,secrecy,accepted,v1 extra matched pair
ib_v1_000210,p_105,"Didi mummy ke gift 480 ka, mere old UPI pe later. Koi private 4800 nahi, chat rakh sakte ho.",LEGIT_PERSONAL,Hinglish,train,synthetic_v1,True,whatsapp,personal,sister,secrecy,accepted,v1 extra matched pair
ib_v1_000211,p_106,"Using pantry tablet, phone in locker. 1600 snacks UPI pantry-tab@paytm. Don't ping on Teams.",IMPERSONATION_SCAM,Hinglish,train,synthetic_v1,True,whatsapp,scammer,colleague,borrowed_phone,accepted,v1 extra matched pair
ib_v1_000212,p_106,"Pantry snacks 1600 expense bot pe. Tablet UPI nahi. Teams pe thread daal diya, phone locker se nikal lunga.",LEGIT_PERSONAL,Hinglish,train,synthetic_v1,True,whatsapp,personal,colleague,borrowed_phone,accepted,v1 extra matched pair
ib_v1_000213,p_107,"Bhai 3300 abhi 3300@ybl, kal reverse. Naya handle, purana freeze. Didi ko mat bolna.",IMPERSONATION_SCAM,Hinglish,train,synthetic_v1,True,whatsapp,scammer,brother,return_tomorrow,accepted,v1 extra matched pair
ib_v1_000214,p_107,"Bhai 330 jo tune cover kiya, kal tere old UPI pe reverse. Freeze kuch nahi, didi ko bata sakte ho.",LEGIT_PERSONAL,Hinglish,train,synthetic_v1,True,whatsapp,personal,brother,return_tomorrow,accepted,v1 extra matched pair
ib_v1_000215,p_108,"Yaar screen spider crack, cafe wifi se. 1900 repair token 1900@okaxis. Shop uncle gussa, call mat.",IMPERSONATION_SCAM,Hinglish,train,synthetic_v1,True,whatsapp,scammer,friend,phone_broken,accepted,v1 extra matched pair
ib_v1_000216,p_108,"Yaar screen crack, repair 1900 kal shop POS pe. Cafe wale ko UPI mat karna. Mera number same hai.",LEGIT_PERSONAL,Hinglish,train,synthetic_v1,True,whatsapp,personal,friend,phone_broken,accepted,v1 extra matched pair
ib_v1_000217,p_109,"Didi dengue test 3600, lab rider ke UPI rider-lab@ybl. Fasting toot jayega warna, unko ring mat karna.",IMPERSONATION_SCAM,Hinglish,eval_holdout,synthetic_v1,True,whatsapp,scammer,sister,medical,accepted,v1 extra matched pair
ib_v1_000218,p_109,Didi dengue test 3600 lab window pe jaise last CBC. Rider UPI skip. Breakfast ke baad jaungi.,LEGIT_PERSONAL,Hinglish,eval_holdout,synthetic_v1,True,whatsapp,personal,sister,medical,accepted,v1 extra matched pair
ib_v1_000219,p_110,"Papa smart class fee 2700 teacher GPay 2700@paytm aaj only. PTM start, disturb mat karna.",IMPERSONATION_SCAM,Hinglish,eval_holdout,synthetic_v1,True,whatsapp,scammer,parent,fees,accepted,v1 extra matched pair
ib_v1_000220,p_110,Papa smart class 2700 circular wale school account se. Teacher GPay pe fee mat bhejna.,LEGIT_PERSONAL,Hinglish,eval_holdout,synthetic_v1,True,whatsapp,personal,parent,fees,accepted,v1 extra matched pair
ib_v1_000221,p_111,"Bhai metro last train miss, lodge 2400 UPI lodge-temp@oksbi. Borrowed phone, call drop hoga.",IMPERSONATION_SCAM,Hinglish,train,synthetic_v1,True,whatsapp,scammer,brother,stranded_friend,accepted,v1 extra matched pair
ib_v1_000222,p_111,"Bhai last metro miss, lodge 2400 desk card se. Temp UPI nahi. Subah wali first train le lunga.",LEGIT_PERSONAL,Hinglish,train,synthetic_v1,True,whatsapp,personal,brother,stranded_friend,accepted,v1 extra matched pair
ib_v1_000223,p_112,"Mummy chemist ke counter phone se. 850 medicine UPI chemist-temp@ybl, queue lambi, aana mat.",IMPERSONATION_SCAM,Hinglish,train,synthetic_v1,True,whatsapp,scammer,parent,borrowed_phone,accepted,v1 extra matched pair
ib_v1_000224,p_112,Mummy medicine 850 pharmacy bill pe card. Chemist personal UPI nahi. Queue se nikal ke call karungi.,LEGIT_PERSONAL,Hinglish,train,synthetic_v1,True,whatsapp,personal,parent,borrowed_phone,accepted,v1 extra matched pair
ib_v1_000225,p_113,"Need 1400 on 1400@paytm now for cab, refund tomorrow. Wallet KYC failed. Skip standup notes.",IMPERSONATION_SCAM,Hinglish,train,synthetic_v1,True,whatsapp,scammer,colleague,return_tomorrow,accepted,v1 extra matched pair
ib_v1_000226,p_113,Cab 1400 Uber business. Personal Paytm refund ki need nahi. Standup mein optional mention.,LEGIT_PERSONAL,Hinglish,train,synthetic_v1,True,whatsapp,personal,colleague,return_tomorrow,accepted,v1 extra matched pair
ib_v1_000227,p_114,Papa yeh screenshot mat lena. 5600 temp UPI pe sports kit private. Coach ko call mat karna.,IMPERSONATION_SCAM,Hinglish,train,synthetic_v1,True,whatsapp,scammer,child,secrecy,accepted,v1 extra matched pair
ib_v1_000228,p_114,Papa sports kit 5600 school listed vendor se. Private temp UPI nahi. Screenshot receipt ke liye rakhna theek hai.,LEGIT_PERSONAL,Hinglish,train,synthetic_v1,True,whatsapp,personal,child,secrecy,accepted,v1 extra matched pair
ib_v1_000229,p_115,"Didi handset pawn shop mein, yeh naya number. 3100 release UPI pawn@okicici. Location mat poochna.",IMPERSONATION_SCAM,Hinglish,train,synthetic_v1,True,whatsapp,scammer,sister,phone_broken,accepted,v1 extra matched pair
ib_v1_000230,p_115,"Didi phone theek hai, pawn kuch nahi. 3100 mat bhejna. Kal usual UPI pe shopping split 300 kar dena.",LEGIT_PERSONAL,Hinglish,train,synthetic_v1,True,whatsapp,personal,sister,phone_broken,accepted,v1 extra matched pair
ib_v1_000231,p_116,"Yaar stitches extra 2200, intern ke QR intern-med@paytm. Blood dekh ke aana mat, sirf paisa.",IMPERSONATION_SCAM,Hinglish,train,synthetic_v1,True,whatsapp,scammer,friend,medical,accepted,v1 extra matched pair
ib_v1_000232,p_116,"Yaar stitches ho gaye, 2200 official discharge bill mein. Intern QR ignore. Photo invoice bhej raha hun.",LEGIT_PERSONAL,Hinglish,train,synthetic_v1,True,whatsapp,personal,friend,medical,accepted,v1 extra matched pair
ib_v1_000233,p_117,"Bhai convocation fee 1800 portal down, student UPI 1800@ybl midnight tak. Admin mail mat kar.",IMPERSONATION_SCAM,Hinglish,train,synthetic_v1,True,whatsapp,scammer,brother,fees,accepted,v1 extra matched pair
ib_v1_000234,p_117,"Bhai convocation 1800 kal official window. Student UPI skip, portal screenshot rakh.",LEGIT_PERSONAL,Hinglish,train,synthetic_v1,True,whatsapp,personal,brother,fees,accepted,v1 extra matched pair
ib_v1_000235,p_118,"Yaar bus stand agent last ticket 1700 UPI 1700@ybl. Stand ke peeche, aana mat.",IMPERSONATION_SCAM,Hinglish,eval_holdout,synthetic_v1,True,whatsapp,scammer,friend,stranded_friend,accepted,v1 extra matched pair
ib_v1_000236,p_118,"Yaar waitlist official window se. Agent UPI skip. Next bus bhi option hai, 1700 panic nahi.",LEGIT_PERSONAL,Hinglish,eval_holdout,synthetic_v1,True,whatsapp,personal,friend,stranded_friend,accepted,v1 extra matched pair
ib_v1_000237,p_119,"Guard tablet se, 900 parcel COD UPI guard-cod@paytm. Gate wait, bahar mat aana.",IMPERSONATION_SCAM,Hinglish,train,synthetic_v1,True,whatsapp,scammer,friend,borrowed_phone,accepted,v1 extra matched pair
ib_v1_000238,p_119,"Parcel Amazon pe already paid. Guard COD UPI skip. Gate pe 2 min, mera number se.",LEGIT_PERSONAL,Hinglish,train,synthetic_v1,True,whatsapp,personal,friend,borrowed_phone,accepted,v1 extra matched pair
ib_v1_000239,p_120,"Yaar 2600 now 2600@oksbi I'll return tomorrow after cash out. Don't save beneficiary, one-time UPI.",IMPERSONATION_SCAM,Hinglish,eval_holdout,synthetic_v1,True,whatsapp,scammer,friend,return_tomorrow,accepted,v1 extra matched pair
ib_v1_000240,p_120,"Yaar 2600 jo tune cover kiya kal tere saved UPI pe wapas. One-time handle mat banana, old ID use karunga.",LEGIT_PERSONAL,Hinglish,eval_holdout,synthetic_v1,True,whatsapp,personal,friend,return_tomorrow,accepted,v1 extra matched pair
ib_v1_000241,,Aapka KYC pending hai. Verify karein is link pe sbi-kyc-now.co.in warna account block.,OTHER_SCAM,Hinglish,train,synthetic_v1,True,sms,scammer,none,kyc,accepted,synthetic control class
ib_v1_000242,,"Dear customer, KYC incomplete. Update at hdfc-verify-kyc.net to avoid debit freeze.",OTHER_SCAM,English,train,synthetic_v1,True,sms,scammer,none,kyc,accepted,synthetic control class
ib_v1_000243,,Income Tax refund Rs 12450 approved. Share OTP 847392 to credit the amount.,OTHER_SCAM,English,train,synthetic_v1,True,sms,scammer,none,otp,accepted,synthetic control class
ib_v1_000244,,SBI: suspicious txn Rs 49999. Share the OTP you received to reverse it in 2 minutes.,OTHER_SCAM,English,train,synthetic_v1,True,sms,scammer,none,otp,accepted,synthetic control class
ib_v1_000245,,Aapka ATM card block ho gaya hai. Details update karein is number pe OTP bhejo.,OTHER_SCAM,Hinglish,train,synthetic_v1,True,sms,scammer,none,otp,accepted,synthetic control class
ib_v1_000246,,"RBI escrow: transfer all funds for digital arrest verification, refund in 30 minutes.",OTHER_SCAM,English,train,synthetic_v1,True,whatsapp,scammer,none,digital_arrest,accepted,synthetic control class
ib_v1_000247,,"Police cyber cell: Aadhaar linked to crime. Call now, share OTP or warrant in 24 hours.",OTHER_SCAM,English,train,synthetic_v1,True,sms,scammer,none,digital_arrest,accepted,synthetic control class
ib_v1_000248,,You won a lucky draw of Rs 25 lakh. Pay Rs 1500 GST on UPI lucky-win@ybl to claim.,OTHER_SCAM,English,train,synthetic_v1,True,sms,scammer,none,lottery,accepted,synthetic control class
ib_v1_000249,,Aap lottery jeet gaye. Claim karne ke liye 999 processing UPI pe bhejo prize@paytm.,OTHER_SCAM,Hinglish,train,synthetic_v1,True,whatsapp,scammer,none,lottery,accepted,synthetic control class
ib_v1_000250,,Flipkart refund Rs 1200 stuck. Accept this UPI collect request to receive it today.,OTHER_SCAM,English,train,synthetic_v1,True,sms,scammer,none,refund,accepted,synthetic control class
ib_v1_000251,,"Sir refund lene ke liye UPI request accept kar do, warna amount lapse ho jayega.",OTHER_SCAM,Hinglish,train,synthetic_v1,True,whatsapp,scammer,none,refund,accepted,synthetic control class
ib_v1_000252,,Your loan is pre-approved Rs 3 lakh. Pay Rs 699 GST to 699@oksbi to disburse.,OTHER_SCAM,English,train,synthetic_v1,True,sms,scammer,none,loan,accepted,synthetic control class
ib_v1_000253,,"Bhai mein Ankit from CashNow. Loan approved, pay 699 GST to my UPI then 30k aayega.",OTHER_SCAM,Hinglish,train,synthetic_v1,True,whatsapp,scammer,none,loan,accepted,synthetic control class
ib_v1_000254,,IRCTC refund pending. Claim at https://irctc-railmadad.gov-india.ml before departure.,OTHER_SCAM,English,train,synthetic_v1,True,sms,scammer,none,phishing,accepted,synthetic control class
ib_v1_000255,,Meta Verified India Rs 299/month. Pay UPI meta-in@okaxis to get blue tick today.,OTHER_SCAM,English,train,synthetic_v1,True,whatsapp,scammer,none,phishing,accepted,synthetic control class
ib_v1_000256,,Your electricity will disconnect in 1 hour. Pay on bescom-pay.tk not the official app.,OTHER_SCAM,English,train,synthetic_v1,True,sms,scammer,none,utilities,accepted,synthetic control class
ib_v1_000257,,"Bijli bill pending, is short link pe pay karo warna connection cut. Official app mat use.",OTHER_SCAM,Hinglish,train,synthetic_v1,True,sms,scammer,none,utilities,accepted,synthetic control class
ib_v1_000258,,Crypto platform making Rs 8 lakh/month. Start with Rs 30000 on this UPI to join.,OTHER_SCAM,English,train,synthetic_v1,True,whatsapp,scammer,none,investment,accepted,synthetic control class
ib_v1_000259,,"Dost ne MLM bataya, 20000 dalo 3 mahine mein double. UPI id scheme@ybl pe bhejo.",OTHER_SCAM,Hinglish,train,synthetic_v1,True,whatsapp,scammer,none,investment,accepted,synthetic control class
ib_v1_000260,,Amazon: your account will be closed. Click amzn-secure-login.co to verify card.,OTHER_SCAM,English,train,synthetic_v1,True,sms,scammer,none,phishing,accepted,synthetic control class
ib_v1_000261,,"Parcel customs me atka hai, 35 pay karke release kare on customs-pay.tk.",OTHER_SCAM,Hinglish,train,synthetic_v1,True,sms,scammer,none,phishing,accepted,synthetic control class
ib_v1_000262,,UPI Circle: friend added you as secondary. Accept at upi-circle-accept.npci-in.click.,OTHER_SCAM,English,train,synthetic_v1,True,whatsapp,scammer,none,phishing,accepted,synthetic control class
ib_v1_000263,,Bank manager Sharma: dubious deposit Rs 1.2 lakh. Reverse ke liye OTP share karein.,OTHER_SCAM,Hinglish,train,synthetic_v1,True,sms,scammer,none,kyc,accepted,synthetic control class
ib_v1_000264,,Dear customer your debit card will be blocked today due to KYC expiry. Share OTP.,OTHER_SCAM,English,train,synthetic_v1,True,sms,scammer,none,kyc,accepted,synthetic control class
ib_v1_000265,,Navi loan photo + Aadhaar WhatsApp pe bhejo 1 ghante mein paisa. OTP bhi forward karo.,OTHER_SCAM,Hinglish,train,synthetic_v1,True,whatsapp,scammer,none,loan,accepted,synthetic control class
ib_v1_000266,,"GSTN: file now on gst-india-filing.tk using OTP sent to you, ignore gst.gov.in.",OTHER_SCAM,English,train,synthetic_v1,True,sms,scammer,none,phishing,accepted,synthetic control class
ib_v1_000267,,Paytm KYC failed. Re-kyc pe 1 rupee test UPI accept karo warna wallet freeze.,OTHER_SCAM,Hinglish,train,synthetic_v1,True,sms,scammer,none,kyc,accepted,synthetic control class
ib_v1_000268,,Your PAN is linked to a mule account. Pay Rs 8500 fine via UPI pan-fine@okaxis.,OTHER_SCAM,English,train,synthetic_v1,True,sms,scammer,none,digital_arrest,accepted,synthetic control class
ib_v1_000269,,"Aapka ration card cancel. Update pe OTP is number pe bhejo, link ration-kyc.tk.",OTHER_SCAM,Hinglish,train,synthetic_v1,True,sms,scammer,none,kyc,accepted,synthetic control class
ib_v1_000270,,Credit card limit increased. Confirm CVV + OTP on hdfc-limit-up.co.in immediately.,OTHER_SCAM,English,train,synthetic_v1,True,sms,scammer,none,otp,accepted,synthetic control class
ib_v1_000271,,"BGMI Mythic skin Rs 500, account transfer after UPI to bgmi-skin-trade@okbizaxis.",OTHER_SCAM,English,train,synthetic_v1,True,whatsapp,scammer,none,investment,accepted,synthetic control class
ib_v1_000272,,WhatsApp: your account ban in 24h. Verify on wa-support-in.tk with SMS code.,OTHER_SCAM,English,train,synthetic_v1,True,whatsapp,scammer,none,phishing,accepted,synthetic control class
ib_v1_000273,,EPFO claim pending. Submit UAN OTP on epfo-claim-in.net to release Rs 42000.,OTHER_SCAM,English,eval_holdout,synthetic_v1,True,sms,scammer,none,otp,accepted,synthetic control class
ib_v1_000274,,Aapke naam FIR. Court fee 15000 RBI escrow UPI escrow-rbi@ybl pe warna arrest.,OTHER_SCAM,Hinglish,eval_holdout,synthetic_v1,True,whatsapp,scammer,none,digital_arrest,accepted,synthetic control class
ib_v1_000275,,Netflix India sharing crackdown. Pay 199 on nflix-pay@ybl to keep your family slot.,OTHER_SCAM,English,eval_holdout,synthetic_v1,True,sms,scammer,none,phishing,accepted,synthetic control class
ib_v1_000276,,Aapka Fastag blacklisted. Recharge 500 on fastag-help.tk not NHAI app.,OTHER_SCAM,Hinglish,eval_holdout,synthetic_v1,True,sms,scammer,none,phishing,accepted,synthetic control class
ib_v1_000277,,Job offer WFH Rs 45000. Pay Rs 999 registration UPI hr-onboard@oksbi.,OTHER_SCAM,English,eval_holdout,synthetic_v1,True,whatsapp,scammer,none,loan,accepted,synthetic control class
ib_v1_000278,,"Aap select hue part time. 999 security deposit UPI pe, kaam kal se.",OTHER_SCAM,Hinglish,eval_holdout,synthetic_v1,True,whatsapp,scammer,none,loan,accepted,synthetic control class
ib_v1_000279,,"Axis alert: unauthorized login Delhi. Share OTP to block, else Rs 2 lakh debit.",OTHER_SCAM,English,eval_holdout,synthetic_v1,True,sms,scammer,none,otp,accepted,synthetic control class
ib_v1_000280,,Aapka UPI PIN expire. Reset pe yeh OTP forward karo support number pe.,OTHER_SCAM,Hinglish,eval_holdout,synthetic_v1,True,sms,scammer,none,otp,accepted,synthetic control class
ib_v1_000281,,"Your payment of Rs 899 to ABC Store was successful. If not you, call the number on the back of your card.",LEGIT_TRANSACTIONAL,English,train,synthetic_v1,True,sms,institution,none,transactional,accepted,synthetic control class
ib_v1_000282,,Aapka Rs 899 ka payment ABC Store pe successful raha. Card back pe number pe call karo if not you.,LEGIT_TRANSACTIONAL,Hinglish,train,synthetic_v1,True,sms,institution,none,transactional,accepted,synthetic control class
ib_v1_000283,,Your order has been shipped and will arrive tomorrow. Track in the Amazon app only.,LEGIT_TRANSACTIONAL,English,train,synthetic_v1,True,sms,institution,none,transactional,accepted,synthetic control class
ib_v1_000284,,"Order ship ho gaya, kal deliver. Tracking Amazon app se, kisi SMS link pe click mat karna.",LEGIT_TRANSACTIONAL,Hinglish,train,synthetic_v1,True,sms,institution,none,transactional,accepted,synthetic control class
ib_v1_000285,,"SBI: Rs 2000 debited to merchant Flipkart. If not you, block card in YONO.",LEGIT_TRANSACTIONAL,English,train,synthetic_v1,True,sms,institution,none,transactional,accepted,synthetic control class
ib_v1_000286,,SBI: 2000 Flipkart pe debit. Agar aapne nahi kiya toh YONO se card block karo.,LEGIT_TRANSACTIONAL,Hinglish,train,synthetic_v1,True,sms,institution,none,transactional,accepted,synthetic control class
ib_v1_000287,,Your OTP is 456789 for netbanking login. Do not share it with anyone.,LEGIT_TRANSACTIONAL,English,train,synthetic_v1,True,sms,institution,none,transactional,accepted,synthetic control class
ib_v1_000288,,"Netbanking OTP 456789 hai. Kisi ko mat batana, bank kabhi OTP nahi maangta.",LEGIT_TRANSACTIONAL,Hinglish,train,synthetic_v1,True,sms,institution,none,transactional,accepted,synthetic control class
ib_v1_000289,,BESCOM: bill Rs 3840 due 25-Apr. Pay at bescom.org or authorised centres only.,LEGIT_TRANSACTIONAL,English,train,synthetic_v1,True,sms,institution,none,transactional,accepted,synthetic control class
ib_v1_000290,,"Bijli bill 3840, 25 Apr tak bescom.org pe. SMS wale random link pe mat bharna.",LEGIT_TRANSACTIONAL,Hinglish,train,synthetic_v1,True,sms,institution,none,transactional,accepted,synthetic control class
ib_v1_000291,,Indane LPG booking IND28475 confirmed. Share OTP only with the delivery person at the door.,LEGIT_TRANSACTIONAL,English,train,synthetic_v1,True,sms,institution,none,transactional,accepted,synthetic control class
ib_v1_000292,,"Indane booking confirm. OTP sirf delivery pe door par dena, call pe nahi.",LEGIT_TRANSACTIONAL,Hinglish,train,synthetic_v1,True,sms,institution,none,transactional,accepted,synthetic control class
ib_v1_000293,,Your train ticket has been booked successfully. PNR is in the IRCTC app.,LEGIT_TRANSACTIONAL,English,train,synthetic_v1,True,sms,institution,none,transactional,accepted,synthetic control class
ib_v1_000294,,"Train ticket book ho gayi. PNR IRCTC app mein hai, koi UPI request accept mat karna.",LEGIT_TRANSACTIONAL,Hinglish,train,synthetic_v1,True,sms,institution,none,transactional,accepted,synthetic control class
ib_v1_000295,,UIDAI: book Aadhaar update at myaadhaar.uidai.gov.in only. OTP comes after you book.,LEGIT_TRANSACTIONAL,English,train,synthetic_v1,True,sms,institution,none,transactional,accepted,synthetic control class
ib_v1_000296,,Aadhaar update sirf myaadhaar.uidai.gov.in. Pehle OTP kisi ko mat bhejna.,LEGIT_TRANSACTIONAL,Hinglish,train,synthetic_v1,True,sms,institution,none,transactional,accepted,synthetic control class
ib_v1_000297,,CIBIL score updated to 782. Check at cibil.com with your registered mobile.,LEGIT_TRANSACTIONAL,English,train,synthetic_v1,True,sms,institution,none,transactional,accepted,synthetic control class
ib_v1_000298,,"CIBIL 782 update. cibil.com pe registered mobile se dekho, UPI collect ignore.",LEGIT_TRANSACTIONAL,Hinglish,train,synthetic_v1,True,sms,institution,none,transactional,accepted,synthetic control class
ib_v1_000299,,GSTR-3B due 20-Apr. File at gst.gov.in only. We will never ask for OTP on SMS.,LEGIT_TRANSACTIONAL,English,train,synthetic_v1,True,sms,institution,none,transactional,accepted,synthetic control class
ib_v1_000300,,"GSTR due 20 Apr, gst.gov.in. SMS pe OTP maange toh mat dena.",LEGIT_TRANSACTIONAL,Hinglish,train,synthetic_v1,True,sms,institution,none,transactional,accepted,synthetic control class
ib_v1_000301,,HDFC: no pending RTGS on your account. Official helpline is 1860-266-0333 only.,LEGIT_TRANSACTIONAL,English,train,synthetic_v1,True,sms,institution,none,transactional,accepted,synthetic control class
ib_v1_000302,,"HDFC: koi pending RTGS nahi. Helpline 1860-266-0333, random number pe mat call.",LEGIT_TRANSACTIONAL,Hinglish,train,synthetic_v1,True,sms,institution,none,transactional,accepted,synthetic control class
ib_v1_000303,,Thank you for your purchase at ABC Store. Receipt is in your email.,LEGIT_TRANSACTIONAL,English,train,synthetic_v1,True,sms,institution,none,transactional,accepted,synthetic control class
ib_v1_000304,,"Purchase ke liye thanks, receipt email pe hai. Extra UPI request ignore karo.",LEGIT_TRANSACTIONAL,Hinglish,train,synthetic_v1,True,sms,institution,none,transactional,accepted,synthetic control class
ib_v1_000305,,Your refund of Rs 1200 is being processed. Credit in 3-5 days to the original account.,LEGIT_TRANSACTIONAL,English,train,synthetic_v1,True,sms,institution,none,transactional,accepted,synthetic control class
ib_v1_000306,,Refund 1200 original account mein 3-5 din. Collect request accept mat karna.,LEGIT_TRANSACTIONAL,Hinglish,train,synthetic_v1,True,sms,institution,none,transactional,accepted,synthetic control class
ib_v1_000307,,Flipkart: delivery today 4-6pm. OTP will be asked by the delivery partner at the door.,LEGIT_TRANSACTIONAL,English,train,synthetic_v1,True,sms,institution,none,transactional,accepted,synthetic control class
ib_v1_000308,,"Flipkart aaj 4-6. OTP sirf door pe partner ko, call pe nahi.",LEGIT_TRANSACTIONAL,Hinglish,train,synthetic_v1,True,sms,institution,none,transactional,accepted,synthetic control class
ib_v1_000309,,Airtel: recharge Rs 299 successful. Validity 28 days. No extra action needed.,LEGIT_TRANSACTIONAL,English,train,synthetic_v1,True,sms,institution,none,transactional,accepted,synthetic control class
ib_v1_000310,,"Airtel recharge 299 successful, 28 din. Koi extra UPI nahi bhejna.",LEGIT_TRANSACTIONAL,Hinglish,train,synthetic_v1,True,sms,institution,none,transactional,accepted,synthetic control class
ib_v1_000311,,"ICICI: Rs 500 credited from salary. Available balance in iMobile, no UPI request to confirm.",LEGIT_TRANSACTIONAL,English,train,synthetic_v1,True,sms,institution,none,transactional,accepted,synthetic control class
ib_v1_000312,,Salary 500 credit hui iMobile pe. Confirm ke liye koi UPI collect mat accept karna.,LEGIT_TRANSACTIONAL,Hinglish,train,synthetic_v1,True,sms,institution,none,transactional,accepted,synthetic control class
ib_v1_000313,,Your cab ride with Uber is complete. Rs 247 was charged to your saved card ending 4412.,LEGIT_TRANSACTIONAL,English,train,synthetic_v1,True,sms,institution,none,transactional,accepted,synthetic control class
ib_v1_000314,,Uber ride 247 saved card se kata. Driver ko extra UPI tabhi do jab app me tip ho.,LEGIT_TRANSACTIONAL,Hinglish,train,synthetic_v1,True,sms,institution,none,transactional,accepted,synthetic control class
ib_v1_000315,,JioFiber bill Rs 699 auto-pay scheduled. Manage in the MyJio app.,LEGIT_TRANSACTIONAL,English,train,synthetic_v1,True,sms,institution,none,transactional,accepted,synthetic control class
ib_v1_000316,,JioFiber 699 auto-pay MyJio se. SMS link se payment mat karna.,LEGIT_TRANSACTIONAL,Hinglish,eval_holdout,synthetic_v1,True,sms,institution,none,transactional,accepted,synthetic control class
ib_v1_000317,,Swiggy order delivered. Rate the order in the app. We will not call for UPI.,LEGIT_TRANSACTIONAL,English,eval_holdout,synthetic_v1,True,sms,institution,none,transactional,accepted,synthetic control class
ib_v1_000318,,Swiggy deliver ho gaya. App me rating. Call pe UPI maange toh mat bhejna.,LEGIT_TRANSACTIONAL,Hinglish,eval_holdout,synthetic_v1,True,sms,institution,none,transactional,accepted,synthetic control class
ib_v1_000319,,EPFO: passbook updated. View only on umang.gov.in or the UMANG app.,LEGIT_TRANSACTIONAL,English,eval_holdout,synthetic_v1,True,sms,institution,none,transactional,accepted,synthetic control class
ib_v1_000320,,EPFO passbook update. Sirf UMANG / umang.gov.in. Bahar OTP mat do.,LEGIT_TRANSACTIONAL,Hinglish,eval_holdout,synthetic_v1,True,sms,institution,none,transactional,accepted,synthetic control class
ib_v1_000321,,IRCTC: ticket booked PNR 4218761234. Cancel only in the IRCTC app.,LEGIT_TRANSACTIONAL,English,eval_holdout,synthetic_v1,True,sms,institution,none,transactional,accepted,synthetic control class
ib_v1_000322,,"IRCTC ticket book, PNR app me. Refund ke liye random link mat kholna.",LEGIT_TRANSACTIONAL,Hinglish,eval_holdout,synthetic_v1,True,sms,institution,none,transactional,accepted,synthetic control class
ib_v1_000323,,"PhonePe: you paid Rs 150 to a trusted payee. If this wasn't you, open the app > help.",LEGIT_TRANSACTIONAL,English,eval_holdout,synthetic_v1,True,sms,institution,none,transactional,accepted,synthetic control class
ib_v1_000324,,"PhonePe 150 trusted payee ko. Agar aap nahi the toh app > help, SMS pe reply mat karo.",LEGIT_TRANSACTIONAL,Hinglish,eval_holdout,synthetic_v1,True,sms,institution,none,transactional,accepted,synthetic control class
ib_v1_000325,,Your parcel has been delivered successfully immediately,LEGIT_TRANSACTIONAL,English,train,public_remap,False,sms,institution,none,transactional,accepted,remap:Normal transactional message
ib_v1_000326,,Thank you for your purchase,LEGIT_TRANSACTIONAL,English,train,public_remap,False,sms,institution,none,transactional,accepted,remap:Normal transactional message
ib_v1_000327,,Your train ticket has been booked successfully,LEGIT_TRANSACTIONAL,English,train,public_remap,False,sms,institution,none,transactional,accepted,remap:Normal transactional message
ib_v1_000328,,Your parcel has been delivered successfully,LEGIT_TRANSACTIONAL,English,train,public_remap,False,sms,institution,none,transactional,accepted,remap:Normal transactional message
ib_v1_000329,,Thank you for your purchase immediately,LEGIT_TRANSACTIONAL,English,train,public_remap,False,sms,institution,none,transactional,accepted,remap:Normal transactional message
ib_v1_000330,,Your order has been shipped and will arrive tomorrow immediately,LEGIT_TRANSACTIONAL,English,train,public_remap,False,sms,institution,none,transactional,accepted,remap:Normal transactional message
ib_v1_000331,,Your payment of ₹899 has been received immediately,LEGIT_TRANSACTIONAL,English,train,public_remap,False,sms,institution,none,transactional,accepted,remap:Normal transactional message
ib_v1_000332,,Your order has been shipped and will arrive tomorrow,LEGIT_TRANSACTIONAL,English,train,public_remap,False,sms,institution,none,transactional,accepted,remap:Normal transactional message
ib_v1_000333,,Your payment of ₹899 has been received,LEGIT_TRANSACTIONAL,English,train,public_remap,False,sms,institution,none,transactional,accepted,remap:Normal transactional message
ib_v1_000334,,Your train ticket has been booked successfully immediately,LEGIT_TRANSACTIONAL,English,train,public_remap,False,sms,institution,none,transactional,accepted,remap:Normal transactional message
ib_v1_000335,,"Hi beta, this is chacha. My phone is broken, using neighbor's. Emergency. Send Rs 10,000 to this UPI: 9876543210@ybl. Will return tomorrow. Hospital bill, need now. Please quickly.",IMPERSONATION_SCAM,English,train,public_remap,False,whatsapp,scammer,friend,trusted_contact,accepted,remap:impersonation
ib_v1_000336,,"Papa, mera wallet chori ho gaya. College fees bharna hai aaj. Rs 15,000 please bhejo is UPI par: friend-help@okicici. Warden waiting. Please urgent. Call nahi kar sakta, phone bhi gaya.",IMPERSONATION_SCAM,Hinglish,train,public_remap,False,whatsapp,scammer,friend,trusted_contact,accepted,remap:impersonation
ib_v1_000337,,"Dear Customer, Rs 12,500 debited from A/c XX1234 on 15-Mar-2024 at 14:32 to VPA john@okicici. Not you? Call 1800-11-2211.",LEGIT_TRANSACTIONAL,English,train,public_remap,False,sms,institution,none,transactional,accepted,remap:benign
ib_v1_000338,,"Your HDFC Bank Credit Card statement for Feb 2024 is generated. Total amount Rs 8,450. Due date 15-Mar-2024. Pay via NetBanking or AutoPay. — HDFC Bank",LEGIT_TRANSACTIONAL,English,train,public_remap,False,sms,institution,none,transactional,accepted,remap:benign
ib_v1_000339,,Your Amazon order #402-3837592-1234567 is out for delivery today. Expected between 4:00 PM – 7:00 PM. Track at amazon.in/orders,LEGIT_TRANSACTIONAL,English,train,public_remap,False,sms,institution,none,transactional,accepted,remap:benign
ib_v1_000340,,"OTP for your transaction of Rs 2,500 at MERCHANT is 847236. Valid for 5 minutes. DO NOT share with anyone, including bank staff. — ICICI Bank",LEGIT_TRANSACTIONAL,English,train,public_remap,False,sms,institution,none,transactional,accepted,remap:benign
ib_v1_000341,,Your Zomato order from Pizza Hut has been confirmed. Order ID: Z45678. ETA 35 mins. Track in app.,LEGIT_TRANSACTIONAL,English,train,public_remap,False,sms,institution,none,transactional,accepted,remap:benign
ib_v1_000342,,"Dear BSNL user, your plan expires on 20-Mar-2024. Recharge with Rs 299 pack to continue services. Visit bsnl.co.in or nearest retailer.",LEGIT_TRANSACTIONAL,English,train,public_remap,False,sms,institution,none,transactional,accepted,remap:benign
ib_v1_000343,,UPI Mandate: Rs 499 will be auto-debited on 10-Apr-2024 for NETFLIX-ASIA subscription. Cancel in UPI app settings if needed. — NPCI,LEGIT_TRANSACTIONAL,English,train,public_remap,False,sms,institution,none,transactional,accepted,remap:benign
ib_v1_000344,,"Airtel: You have used 80% of your 1.5GB daily data limit. For unlimited use, recharge with Rs 299 plan via airtel.in/recharge",LEGIT_TRANSACTIONAL,English,train,public_remap,False,sms,institution,none,transactional,accepted,remap:benign
ib_v1_000345,,"ITR-1 for AY 2024-25 is available. File before 31-Jul-2024 at incometax.gov.in. Log in with your PAN. — IT Dept, Govt. of India",LEGIT_TRANSACTIONAL,English,train,public_remap,False,sms,institution,none,transactional,accepted,remap:benign
ib_v1_000346,,Rs 25 cashback credited to your PhonePe wallet for your recent electricity bill payment. Balance: Rs 312. Thank you!,LEGIT_TRANSACTIONAL,English,train,public_remap,False,sms,institution,none,transactional,accepted,remap:benign
ib_v1_000347,,"Your redemption request of Rs 15,000 for HDFC Small Cap Fund is processed. Amount will be credited to your registered bank A/c XX1234 in T+1 day. — HDFC AMC",LEGIT_TRANSACTIONAL,English,train,public_remap,False,sms,institution,none,transactional,accepted,remap:benign
ib_v1_000348,,"SIP of Rs 5,000 for Axis Blue Chip Fund auto-debited from A/c XX5678 on 05-Mar-2024. Units allotted. — Axis Mutual Fund",LEGIT_TRANSACTIONAL,English,train,public_remap,False,sms,institution,none,transactional,accepted,remap:benign
ib_v1_000349,,Your Swiggy login OTP is 284591. Valid for 10 minutes. Don't share this code with anyone.,LEGIT_TRANSACTIONAL,English,train,public_remap,False,sms,institution,none,transactional,accepted,remap:benign
ib_v1_000350,,Trip summary: Rs 285 paid for ride from Indiranagar to Koramangala. Driver: Suresh. Rate your trip in the Uber app.,LEGIT_TRANSACTIONAL,English,eval_holdout,public_remap,False,sms,institution,none,transactional,accepted,remap:benign
ib_v1_000351,,"LIC Policy No. 123456789: Premium Rs 4,250 due on 25-Mar-2024. Pay via licindia.in or bank. Call 022-67819090 for help.",LEGIT_TRANSACTIONAL,English,eval_holdout,public_remap,False,sms,institution,none,transactional,accepted,remap:benign
ib_v1_000352,,"[AI-cloned voice of victim's son]: Papa main bahut mushkil mein hoon, accident ho gaya, hospital mein hoon. Rs 85,000 urgently iss UPI par bhejo: emergency-medical@ybl. Friend ka phone use kar raha hoon, mera toota.",IMPERSONATION_SCAM,Hinglish,train,public_remap,False,whatsapp,scammer,friend,trusted_contact,accepted,remap:impersonation
ib_v1_000353,,UPI Circle invitation: Your friend Rajesh added you as secondary user. Click to accept and earn Rs 500 cashback: https://upi-circle-accept.npci-in.click,IMPERSONATION_SCAM,English,train,public_remap,False,whatsapp,scammer,friend,trusted_contact,accepted,remap:impersonation
ib_v1_000354,,"Bhai BGMI mein Mythic M416 skin bech raha hoon original, Rs 500 only. Account transfer kar dunga. UPI karo: bgmi-skin-trade@okbizaxis",IMPERSONATION_SCAM,Hinglish,train,public_remap,False,whatsapp,scammer,friend,trusted_contact,accepted,remap:impersonation
ib_v1_000355,,I am your colleague. I need ₹2000 urgently. Please transfer it now.,IMPERSONATION_SCAM,English,train,public_remap,False,whatsapp,scammer,friend,trusted_contact,accepted,remap:Trusted-contact impersonation
ib_v1_000356,,I am your brother. I need ₹1000 urgently. Please transfer it now.,IMPERSONATION_SCAM,English,train,public_remap,False,whatsapp,scammer,friend,trusted_contact,accepted,remap:Trusted-contact impersonation
ib_v1_000357,,I am your friend. I need ₹1000 urgently. Please transfer it now.,IMPERSONATION_SCAM,English,train,public_remap,False,whatsapp,scammer,friend,trusted_contact,accepted,remap:Trusted-contact impersonation
ib_v1_000358,,I am your manager. I need ₹1500 urgently. Please transfer it now.,IMPERSONATION_SCAM,English,eval_holdout,public_remap,False,whatsapp,scammer,friend,trusted_contact,accepted,remap:Trusted-contact impersonation
ib_v1_000359,,Let's meet for dinner tonight.,LEGIT_PERSONAL,English,train,public_remap,False,whatsapp,personal,none,legit_personal,accepted,remap:Normal personal conversation
ib_v1_000360,,I will send you ₹2000 tomorrow.,LEGIT_PERSONAL,English,train,public_remap,False,whatsapp,personal,none,legit_personal,accepted,remap:Normal repayment conversation
ib_v1_000361,,Your payment of ₹2000 to Amazon was successful.,LEGIT_TRANSACTIONAL,English,eval_holdout,public_remap,False,sms,institution,none,transactional,accepted,remap:Normal transaction notification
ib_v1_000362,,Your payment of ₹1500 to ABC Store was successful.,LEGIT_TRANSACTIONAL,English,eval_holdout,public_remap,False,sms,institution,none,transactional,accepted,remap:Normal transaction notification
ib_v1_000363,,Your payment of ₹200 to Flipkart was successful.,LEGIT_TRANSACTIONAL,English,eval_holdout,public_remap,False,sms,institution,none,transactional,accepted,remap:Normal transaction notification
ib_v1_000364,,"Bhai, mujhe ₹1500 urgently chahiye. Abhi UPI kar de, kal return kar dunga.",IMPERSONATION_SCAM,Hinglish,eval_holdout,public_remap,False,whatsapp,scammer,friend,trusted_contact,accepted,remap:Trusted-contact impersonation
ib_v1_000365,,Bhai shaam ko chai pe milte hain.,LEGIT_PERSONAL,Hinglish,train,public_remap,False,whatsapp,personal,none,legit_personal,accepted,remap:Normal friend conversation
ib_v1_000366,,Main kal ₹1500 UPI se bhej dunga.,LEGIT_PERSONAL,Hinglish,train,public_remap,False,whatsapp,personal,none,legit_personal,accepted,remap:Normal repayment conversation
ib_v1_000367,,Aaj ghar pe dinner karenge.,LEGIT_PERSONAL,Hinglish,eval_holdout,public_remap,False,whatsapp,personal,none,legit_personal,accepted,remap:Normal family conversation
ib_v1_000368,,"Aapka parcel customs me atka hai, ₹35 pay karke release kare immediately",OTHER_SCAM,Hinglish,train,public_remap,False,sms,scammer,none,"urgency,_reward_or_suspicious_instructio",accepted,"remap:Urgency, reward or suspicious instruction"
ib_v1_000369,,"Congratulations! You have won Rs 25,000 in the PNB customer lucky draw. Share OTP received to claim your prize before it expires.",OTHER_SCAM,English,train,public_remap,False,sms,scammer,none,otp_theft,accepted,remap:otp_theft
ib_v1_000370,,"ನೀವು InstaCash ನಿಂದ ತೆಗೆದುಕೊಂಡ ₹5,000 ಸಾಲದ EMI ಇಂದು ಬಾಕಿ. ಈಗಲೇ ಪಾವತಿಸದಿದ್ದರೆ ನಿಮ್ಮ ಫೋನ್ contacts ಎಲ್ಲರಿಗೂ defaulter ಎಂದು WhatsApp ಮಾಡಲಾಗುವುದು. ಕೂಡಲೇ ಪಾವತಿಸಿ.",OTHER_SCAM,English,train,public_remap,False,sms,scammer,none,loan_app_fraud,accepted,remap:loan_app_fraud
ib_v1_000371,,"Our algorithm generated 347% returns last month for beginners. Even with ₹5,000 start you can easily hit ₹50,000 in 30 days. I'll guide you personally. First step — join our private channel for today's signal.",OTHER_SCAM,English,train,public_remap,False,sms,scammer,none,investment_fraud,accepted,remap:investment_fraud
ib_v1_000372,,Shri Ram Janmabhoomi Teerth Kshetra Trust: Contribute for Mandir maintenance. 80G tax exemption. Donate any amount via UPI: ram-mandir-donation@okhdfcbank or https://ramjanmabhoomi-donate.in.top,OTHER_SCAM,English,train,public_remap,False,sms,scammer,none,brand_or_authority,accepted,remap:impersonation
ib_v1_000373,,"Hi, nice to meet you! Tell me more about yourself.",OTHER_SCAM,English,train,public_remap,False,sms,scammer,none,investment_fraud,accepted,remap:investment_fraud
ib_v1_000374,,FASTag KYC: Your vehicle FASTag deactivated. Re-KYC at https://fastag-rekyc-npci.click or Rs 500 penalty per toll crossing until fixed.,OTHER_SCAM,English,train,public_remap,False,sms,scammer,none,kyc_fraud,accepted,remap:kyc_fraud
ib_v1_000375,,YouTube Partner Program verification pending for your channel. Complete AdSense tax form within 48 hours or monetization revoked permanently: https://yt-partner-in.co,OTHER_SCAM,English,train,public_remap,False,sms,scammer,none,kyc_fraud,accepted,remap:kyc_fraud
ib_v1_000376,,"Ola/Uber driver partner boost: Earn Rs 50,000/week. Register via my link + pay Rs 2,500 onboarding fee UPI. I'm a senior driver, will mentor you personally.",OTHER_SCAM,English,train,public_remap,False,sms,scammer,none,loan_app_fraud,accepted,remap:loan_app_fraud
ib_v1_000377,,"Axis Bank Alert: Unauthorized login from Delhi IP. Rs 1,00,000 transfer initiated. Share OTP NOW to stop the transaction.",OTHER_SCAM,English,train,public_remap,False,sms,scammer,none,otp_theft,accepted,remap:otp_theft
ib_v1_000378,,"Thanks, I will ignore the SMS and report it",OTHER_SCAM,English,train,public_remap,False,sms,scammer,none,kyc_fraud,accepted,remap:kyc_fraud
ib_v1_000379,,"PM Ujjwala Yojana: Rs 2,500 LPG subsidy pending. Share OTP to credit to your bank. Only Aadhaar-linked accounts eligible.",OTHER_SCAM,English,train,public_remap,False,sms,scammer,none,otp_theft,accepted,remap:otp_theft
ib_v1_000380,,Jio SIM re-KYC: New TRAI rules. Update via https://jio-trai-rekyc.top to keep number active. SIM deactivated tomorrow.,OTHER_SCAM,English,train,public_remap,False,sms,scammer,none,kyc_fraud,accepted,remap:kyc_fraud
ib_v1_000381,,"Dear customer, this is SBI. Your account will be blocked in 10 minutes due to KYC failure. Share OTP immediately to prevent.",OTHER_SCAM,English,train,public_remap,False,sms,scammer,none,otp_theft,accepted,remap:otp_theft
ib_v1_000382,,"Anthropic Claude AI India: Premium investment insights. Subscribe at Rs 4,999/year. Features: daily stock picks, 85% accuracy. Telegram: t.me/claude-ai-invest-in",OTHER_SCAM,English,train,public_remap,False,sms,scammer,none,investment_fraud,accepted,remap:investment_fraud
ib_v1_000383,,"UIDAI: Your Aadhaar will be deactivated in 48 hours. Update biometrics at https://uidai-biometric.org.in. Without active Aadhaar, ration/LPG subsidy stops.",OTHER_SCAM,English,train,public_remap,False,sms,scammer,none,kyc_fraud,accepted,remap:kyc_fraud
ib_v1_000384,,Your UPI account will be blocked. Please verify immediately using the link sent to you.,OTHER_SCAM,English,train,public_remap,False,sms,scammer,none,fake_account_verification,accepted,remap:Fake account verification
ib_v1_000385,,"IPO Alert: Private placement in upcoming IPO @ Rs 45/share (listing price Rs 200). Invest Rs 25,000 min. Bookings close 6 PM today. UPI ipo-alloc@sbi urgently.",OTHER_SCAM,English,train,public_remap,False,sms,scammer,none,investment_fraud,accepted,remap:investment_fraud
ib_v1_000386,,"Sir your loan of ₹25,000 has been disbursed. But EMI of ₹32,500 is due in 3 days (includes processing + interest). Failure to pay = contact list harassment starts.",OTHER_SCAM,English,train,public_remap,False,sms,scammer,none,loan_app_fraud,accepted,remap:loan_app_fraud
ib_v1_000387,,Your refund of ₹3000 is pending. Approve the payment request to receive it.,OTHER_SCAM,English,train,public_remap,False,sms,scammer,none,fake_refund_request,accepted,remap:Fake refund request
ib_v1_000388,,"Sounds good, how do I install?",OTHER_SCAM,English,train,public_remap,False,sms,scammer,none,loan_app_fraud,accepted,remap:loan_app_fraud
ib_v1_000389,,EPFO: Your PF withdrawal of Rs 2.3 lakh requires OTP verification. Share within 15 minutes else withdrawal cancelled.,OTHER_SCAM,English,train,public_remap,False,sms,scammer,none,otp_theft,accepted,remap:otp_theft
ib_v1_000390,,"Hello sir, Navi loan se. Aapko Rs 1.5 lakh loan approved. Photo aur Aadhaar details WhatsApp karein 1 ghante mein paisa. Rs 1,199 instant disbursal fee UPI.",OTHER_SCAM,Hinglish,train,public_remap,False,sms,scammer,none,loan_app_fraud,accepted,remap:loan_app_fraud
ib_v1_000391,,"Bank of Baroda: Your locker is being accessed right now. To stop unauthorized access, share OTP immediately — the person is physically in the vault.",OTHER_SCAM,English,train,public_remap,False,sms,scammer,none,otp_theft,accepted,remap:otp_theft
ib_v1_000392,,Your bank account will be blocked. Please verify immediately using the link sent to you.,OTHER_SCAM,English,train,public_remap,False,sms,scammer,none,fake_account_verification,accepted,remap:Fake account verification
ib_v1_000393,,RBI Digital Rupee rollout: Your account selected for CBDC wallet setup. Migrate balance before December or lose RBI-guaranteed status. Register: https://rbi-cbdc-migrate.gov-in.top,OTHER_SCAM,English,train,public_remap,False,sms,scammer,none,kyc_fraud,accepted,remap:kyc_fraud
ib_v1_000394,,"I am SEBI-registered advisor. Crypto investment plan 40% monthly return. Join VIP Telegram: t.me/crypto-vip-india. Minimum deposit Rs 5,000 via UPI. Doubles in 48 hours.",OTHER_SCAM,English,train,public_remap,False,sms,scammer,none,investment_fraud,accepted,remap:investment_fraud
ib_v1_000395,,PhonePe: Mandatory KYC update required per RBI. Scan QR at https://phonepe-kyc.app within 1 hour or service suspended.,OTHER_SCAM,English,train,public_remap,False,sms,scammer,none,kyc_fraud,accepted,remap:kyc_fraud
ib_v1_000396,,Your wallet account will be blocked. Please verify immediately using the link sent to you.,OTHER_SCAM,English,train,public_remap,False,sms,scammer,none,fake_account_verification,accepted,remap:Fake account verification
ib_v1_000397,,"PM Yojana 2026: Government investment scheme, 15% guaranteed return. Apply at https://pm-yojana-2026.gov-india.net. Last date today. Register and deposit Rs 10,000 minimum.",OTHER_SCAM,English,train,public_remap,False,sms,scammer,none,investment_fraud,accepted,remap:investment_fraud
ib_v1_000398,,Hello! This is Deepak from Amazon Customer Care. We're unable to deliver your parcel (tracking 402-8471929) because the customs fee of ₹49 is pending. Please clear via UPI here to release shipment today: amazon-customs-release.in,OTHER_SCAM,English,train,public_remap,False,sms,scammer,none,brand_or_authority,accepted,remap:impersonation
ib_v1_000399,,Need urgent cash? Get Rs 2 lakh loan at 2% interest. Instant approval at https://quickloan-app.top. Offer valid till midnight. Pay Rs 999 activation fee now.,OTHER_SCAM,English,train,public_remap,False,sms,scammer,none,loan_app_fraud,accepted,remap:loan_app_fraud
ib_v1_000400,,Passport Seva: Your passport linked KYC flagged. Suspension in 48 hrs. Verify at https://passport-seva-reverify.co. Travel ban until fixed.,OTHER_SCAM,English,train,public_remap,False,sms,scammer,none,kyc_fraud,accepted,remap:kyc_fraud
ib_v1_000401,,"LIC Premier Plan: Govt-backed, 14% annual return guaranteed. Minimum Rs 50,000. Register at https://lic-premier-2026.gov-india.top. Last 3 days for registration. Aadhaar + PAN + deposit today.",OTHER_SCAM,English,train,public_remap,False,sms,scammer,none,investment_fraud,accepted,remap:investment_fraud
ib_v1_000402,,"Hi, this is QuickLoan India. Based on your profile we've approved ₹25,000 loan at 0% interest for first 7 days. Install our app to claim.",OTHER_SCAM,English,train,public_remap,False,sms,scammer,none,loan_app_fraud,accepted,remap:loan_app_fraud
ib_v1_000403,,"LazyPay notice: Your CIBIL report shows unpaid Rs 28,000 from our lender. Pay by EOD or SARFAESI action. Property attachment notice draft ready.",OTHER_SCAM,English,train,public_remap,False,sms,scammer,none,loan_app_fraud,accepted,remap:loan_app_fraud
ib_v1_000404,,SBI सूचना: आपके खाते का KYC अधूरा है। 24 घंटे के भीतर पूरा करें वरना बैंक खाता निष्क्रिय हो जाएगा। तुरंत यहाँ अपडेट करें: sbi-kyc-today.in,OTHER_SCAM,English,train,public_remap,False,sms,scammer,none,kyc_fraud,accepted,remap:kyc_fraud
ib_v1_000405,,"[Still voice] No time for email. Meeting is confidential. This is for our Singapore expansion — vendor is leaving the country tonight. I'm CEO, I'm authorizing. Use this account: [reads UPI]. I trust you — don't disappoint.",OTHER_SCAM,English,train,public_remap,False,sms,scammer,none,brand_or_authority,accepted,remap:impersonation
ib_v1_000406,,"Jio: Free True5G upgrade for your number. Confirm upgrade by clicking https://jio-true5g-upgrade.ml. Offer expires tonight. Without upgrade, 5G throttled to 4G permanently.",OTHER_SCAM,English,train,public_remap,False,sms,scammer,none,brand_or_authority,accepted,remap:impersonation
ib_v1_000407,,"Work-from-home: review YouTube videos, earn Rs 2,000 daily. Visit https://earnbyreview.top. Registration fee Rs 999. Start today, receive first payment in 24 hrs.",OTHER_SCAM,English,train,public_remap,False,sms,scammer,none,investment_fraud,accepted,remap:investment_fraud
ib_v1_000408,,Namaste. Main Union Bank of India se manager Sinha. Aapke account mein Rs 1.2 lakh ka dubious deposit aaya hai. Reverse karne ke liye OTP share karein. RBI ko report jaayegi. OTP mein bataiye.,OTHER_SCAM,Hinglish,train,public_remap,False,sms,scammer,none,brand_or_authority,accepted,remap:impersonation
ib_v1_000409,,"Dear Customer, your Amazon shipment #402-8471929 has been HELD by Indian Customs. Release fee ₹49 required within 2 hours or parcel returns to sender. Make payment: bit.ly/amzn-customs-in",OTHER_SCAM,English,train,public_remap,False,sms,scammer,none,brand_or_authority,accepted,remap:impersonation
ib_v1_000410,,"You are selected for instant loan approval, click to proceed immediately",OTHER_SCAM,English,train,public_remap,False,sms,scammer,none,"urgency,_reward_or_suspicious_instructio",accepted,"remap:Urgency, reward or suspicious instruction"
ib_v1_000411,,EPFO-CPAO Notice: 7th Pay Commission arrears Rs 2.4 lakh approved for your pension account. Share OTP sent to credit. Validity 30 minutes.,OTHER_SCAM,English,train,public_remap,False,sms,scammer,none,otp_theft,accepted,remap:otp_theft
ib_v1_000412,,"Main SBI manager Sharma bol raha hoon Mumbai branch se. Aapke loan EMI auto-debit fail ho gayi. Penalty Rs 5,000 lagi hai. Reverse karne ke liye OTP batao.",OTHER_SCAM,Hinglish,train,public_remap,False,sms,scammer,none,otp_theft,accepted,remap:otp_theft
ib_v1_000413,,"Sovereign Gold Bond 2026: Subscribe via special window, 2.5% + 10% gold appreciation guaranteed. Pay Rs 50,000 via UPI today. Allocation locks at 5 PM.",OTHER_SCAM,English,train,public_remap,False,sms,scammer,none,investment_fraud,accepted,remap:investment_fraud
ib_v1_000414,,"Mumbai Crime Branch: Your bank account used for hawala. Explain in 2 hrs or arrest team dispatched. Settlement Rs 50,000 via UPI drops case. Decide fast.",OTHER_SCAM,English,train,public_remap,False,sms,scammer,none,brand_or_authority,accepted,remap:impersonation
ib_v1_000415,,"My friend will give you VIP access — just deposit ₹50,000 on the platform (link I'll share) and I'll personally monitor your trades. Trust me, within 2 months you'll have enough for a honeymoon abroad!",OTHER_SCAM,English,train,public_remap,False,sms,scammer,none,investment_fraud,accepted,remap:investment_fraud
ib_v1_000416,,💎💎 Make ₹50K into ₹1.5L in 30 days! 100% guaranteed. Our SEBI-registered quant fund uses AI to predict NIFTY with 94% accuracy. Seats closing tonight — DM your UPI ID to secure slot 💎💎,OTHER_SCAM,English,train,public_remap,False,sms,scammer,none,investment_fraud,accepted,remap:investment_fraud
ib_v1_000417,,Hi! Welcome to Quantum Wealth VIP group. I'm Anjali — your personal trading advisor. First 10 members get free starter tips. What's your experience level with crypto?,OTHER_SCAM,English,train,public_remap,False,sms,scammer,none,investment_fraud,accepted,remap:investment_fraud
ib_v1_000418,,"Hello, I am Inspector Sharma from Mumbai Cybercrime Branch. Your Aadhaar card has been used in a drug trafficking case in Andheri. FIR no MUM/2026/0847 has been registered in your name.",OTHER_SCAM,English,train,public_remap,False,sms,scammer,none,brand_or_authority,accepted,remap:impersonation
ib_v1_000419,,IDBI Bank: Frozen dormant account reactivation KYC. Click https://idbi-reactivate.co or balance forfeited to charity fund in 24 hrs.,OTHER_SCAM,English,train,public_remap,False,sms,scammer,none,kyc_fraud,accepted,remap:kyc_fraud
ib_v1_000420,,"Namaste, I am calling from SBI customer care, emp ID 45612. Your card blocked due to fraud attempt. Verify with OTP. Only I can help unblock. Share OTP within 5 min or escalate to branch.",OTHER_SCAM,English,train,public_remap,False,sms,scammer,none,brand_or_authority,accepted,remap:impersonation
ib_v1_000421,,"Hi, this is Rahul from EasyMoney Loans. Instant Rs 50,000 loan approved in 5 min. No documents needed. Pay Rs 499 processing fee via UPI to get loan.",OTHER_SCAM,English,train,public_remap,False,sms,scammer,none,loan_app_fraud,accepted,remap:loan_app_fraud
ib_v1_000422,,"Flipkart: Delivery boy unable to find your address. Pay Rs 20 redelivery charge or order cancelled: https://flipkart-redelivery.co. Order cancelled in 30 min. Rs 2,500 item forfeited.",OTHER_SCAM,English,train,public_remap,False,sms,scammer,none,brand_or_authority,accepted,remap:impersonation
ib_v1_000423,,"PRIORITY SBI notification: KYC validation failed on card ending 4729. Account freeze initiated. To reverse within next 30 min, confirm OTP delivered via SMS. Failing which card services discontinue permanently.",OTHER_SCAM,English,train,public_remap,False,sms,scammer,none,otp_theft,accepted,remap:otp_theft
ib_v1_000424,,"Hello sir, main SBI fraud team se hoon. Card block hua hai. Naya card dispatch karne ke liye card number aur CVV batao. Nayi card 24 ghante mein. CVV batana mandatory hai. Batao.",OTHER_SCAM,Hinglish,train,public_remap,False,sms,scammer,none,brand_or_authority,accepted,remap:impersonation
ib_v1_000425,,"Blinkit: Your Rs 1,450 grocery order delivered to wrong address. Refund initiated. Share UPI PIN to complete reversal within 10 min or refund voids.",OTHER_SCAM,English,train,public_remap,False,sms,scammer,none,brand_or_authority,accepted,remap:impersonation
ib_v1_000426,,Instagram Meta Verified offer: Get blue checkmark for your business profile at Rs 299/month (50% off). Apply: https://meta-verified-in.co. Limited for India creators only.,OTHER_SCAM,English,train,public_remap,False,sms,scammer,none,brand_or_authority,accepted,remap:impersonation
ib_v1_000427,,Sir please do not panic. You can prove innocence on Skype video call right now. Otherwise physical arrest warrant will be issued. We need to verify your bank accounts are not linked to this case. Transfer all funds to RBI secure escrow for verification — it will be refunded in 30 minutes after clearance. I'm sending the account details now.,OTHER_SCAM,English,train,public_remap,False,sms,scammer,none,brand_or_authority,accepted,remap:impersonation
ib_v1_000428,,"Aapka ATM card block ho gaya hai, details update kare",OTHER_SCAM,Hinglish,train,public_remap,False,sms,scammer,none,"urgency,_reward_or_suspicious_instructio",accepted,"remap:Urgency, reward or suspicious instruction"
ib_v1_000429,,"Sir there's a ₹49,999 transaction from Delhi we need to block urgently. Your account is being protected by RBI's new fraud shield. To cancel this transaction, please share the OTP you just received — it will reverse the charge. Quick sir, we have only 2 minutes before it clears.",OTHER_SCAM,English,train,public_remap,False,sms,scammer,none,otp_theft,accepted,remap:otp_theft
ib_v1_000430,,"आपका KYC पूरा नहीं है, तुरंत अपडेट करें",OTHER_SCAM,English,train,public_remap,False,sms,scammer,none,"urgency,_reward_or_suspicious_instructio",accepted,"remap:Urgency, reward or suspicious instruction"
ib_v1_000431,,"FAME-III EV subsidy: Rs 65,000 approved on your 2-wheeler EV. Claim at https://fame3-subsidy-disbursal.gov-india.xyz. Pay Rs 2,999 processing fee via UPI to release.",OTHER_SCAM,English,train,public_remap,False,sms,scammer,none,loan_app_fraud,accepted,remap:loan_app_fraud
ib_v1_000432,,Zomato Customer Care: Your refund of Rs 487 stuck. Share UPI PIN to release. Refund returns to Zomato in 1 hour. Cooperate to receive.,OTHER_SCAM,English,train,public_remap,False,sms,scammer,none,brand_or_authority,accepted,remap:impersonation
ib_v1_000433,,"Sir our records show dues pending. If not cleared by 8 PM tonight, we will contact all 284 contacts from your phone with a defaulter notice. Your photo will be shared in WhatsApp groups. Pay now to avoid embarrassment to your family.",OTHER_SCAM,English,train,public_remap,False,sms,scammer,none,loan_app_fraud,accepted,remap:loan_app_fraud
ib_v1_000434,,"IRCTC Rail Madad: Your Rajdhani ticket cancellation refund of Rs 1,850 pending. Claim at https://irctc-railmadad.gov-india.ml before train departure time ends.",OTHER_SCAM,English,train,public_remap,False,sms,scammer,none,brand_or_authority,accepted,remap:impersonation
ib_v1_000435,,"DTDC courier: Parcel from abroad, customs charge Rs 250 pending. Click to pay: https://dtdc-customs.gq. Parcel returns in 1 hr. Pay UPI or lose gift.",OTHER_SCAM,English,train,public_remap,False,sms,scammer,none,brand_or_authority,accepted,remap:impersonation
ib_v1_000436,,"Home loan Rs 50 lakh approved at 6% interest (lowest in market). Subvention from govt at https://home-loan-govt-subsidy.in-gov.net. Pay Rs 3,000 stamp duty via UPI today.",OTHER_SCAM,English,train,public_remap,False,sms,scammer,none,loan_app_fraud,accepted,remap:loan_app_fraud
ib_v1_000437,,"Solar panel franchise: Govt subsidy 40%. Rs 1 lakh investment, Rs 10,000 monthly return from govt. Franchise fee Rs 20,000 UPI. Subsidy file submitted today.",OTHER_SCAM,English,train,public_remap,False,sms,scammer,none,investment_fraud,accepted,remap:investment_fraud
ib_v1_000438,,DigiLocker: Your documents failed re-verification. Re-upload Aadhaar + PAN + Driving License within 24 hours at https://digilocker-reverify.in-gov.click else locker wiped.,OTHER_SCAM,English,train,public_remap,False,sms,scammer,none,kyc_fraud,accepted,remap:kyc_fraud
ib_v1_000439,,"Hi, I saw your profile on Shaadi.com. I'm a Mumbai-based investment banker. Been trading crypto on a private platform, making Rs 8 lakh monthly. Would love to share the platform with my future partner. Want to start small with Rs 30,000?",OTHER_SCAM,English,train,public_remap,False,sms,scammer,none,investment_fraud,accepted,remap:investment_fraud
ib_v1_000440,,"Exclusive opportunity — 500% ROI guaranteed in just 21 days via our proprietary algo-trading bot. Minimum entry ₹5,000. Only 7 VIP seats remaining this month. Lock yours by transferring via UPI before 6 PM today.",OTHER_SCAM,English,eval_holdout,public_remap,False,sms,scammer,none,investment_fraud,accepted,remap:investment_fraud
ib_v1_000441,,Canara Bank KYC flagged as suspicious. Verify at https://canara-kyc.verify.in within 12 hours or FIR will be filed against you.,OTHER_SCAM,English,eval_holdout,public_remap,False,sms,scammer,none,kyc_fraud,accepted,remap:kyc_fraud
ib_v1_000442,,"Kotak Mahindra Bank: Your debit card expires today. Share OTP to extend validity by 5 years, else need to visit branch with 5 documents.",OTHER_SCAM,English,eval_holdout,public_remap,False,sms,scammer,none,otp_theft,accepted,remap:otp_theft
ib_v1_000443,,"Congratulations! Offer letter from Flipkart for SDE role, Rs 28 LPA. Accept by paying Rs 15,000 background verification fee via UPI to flipkart-bgv@okaxis before 6 PM today.",OTHER_SCAM,English,eval_holdout,public_remap,False,sms,scammer,none,brand_or_authority,accepted,remap:impersonation
ib_v1_000444,,"HDFC Bank: Dear customer, we detected unusual login from Chennai on your account. If this was you, reply YES. If not, reply NO. Never share OTP with anyone.",OTHER_SCAM,English,eval_holdout,public_remap,False,sms,scammer,none,borderline_re_scam,accepted,remap:borderline
ib_v1_000445,,"Binance India referral: Bitcoin doubling scheme. Rs 5,000 becomes Rs 25,000 in 48 hrs. Refer and earn more. Transfer BTC to wallet address shared on WhatsApp. Locked doubling protocol.",OTHER_SCAM,English,eval_holdout,public_remap,False,sms,scammer,none,investment_fraud,accepted,remap:investment_fraud
ib_v1_000446,,"Hi, matrimony.com par meri profile dekhi? I'm Ritu from Delhi, doctor. Want to discuss investment plan for our future together. Trusted crypto platform, Rs 50,000 se start karo. I'll guide you.",OTHER_SCAM,Hinglish,eval_holdout,public_remap,False,sms,scammer,none,investment_fraud,accepted,remap:investment_fraud
ib_v1_000447,,"আপনি কি মাত্র ৩০ দিনে ₹50,000 কে ₹2,00,000 বানাতে চান? আমাদের VIP Telegram group এ যোগ দিন। Guaranteed returns. 100% safe. এখনই join করুন: t.me/bengal_crypto_vip",OTHER_SCAM,English,eval_holdout,public_remap,False,sms,scammer,none,investment_fraud,accepted,remap:investment_fraud
ib_v1_000448,,"Didi namaste, main aapka cousin Rohit from Pune. Ek dost ne ek amazing MLM scheme bataya. Rs 20,000 dalo, 3 mahine mein Rs 1 lakh. Main bhi invest kar raha hoon. UPI send kar do.",OTHER_SCAM,Hinglish,eval_holdout,public_remap,False,sms,scammer,none,investment_fraud,accepted,remap:investment_fraud
ib_v1_000449,,HDFC KYC verification pending. Complete at https://hdfc-kyc-gov.co within 2 hours. RBI has mandated this; non-compliance results in reporting to authorities.,OTHER_SCAM,English,eval_holdout,public_remap,False,sms,scammer,none,kyc_fraud,accepted,remap:kyc_fraud
ib_v1_000450,,"Seat booked! To confirm, just ₹5,000 on this UPI: growthfin-premium@ybl. After webinar if not satisfied, instant refund.",OTHER_SCAM,English,eval_holdout,public_remap,False,sms,scammer,none,investment_fraud,accepted,remap:investment_fraud
ib_v1_000451,,"Digital Arrest Notice: You are under virtual arrest for money laundering. Stay on video call, share OTP to verify identity. Hanging up = arrest warrant activated. OTP to drop charges.",OTHER_SCAM,English,eval_holdout,public_remap,False,sms,scammer,none,otp_theft,accepted,remap:otp_theft
ib_v1_000452,,"Vehicle loan Rs 8 lakh on your 2-wheeler + car combo. Instant disbursal at https://vehicle-loan-combo.top. Pay Rs 1,899 valuation fee UPI. Disbursal today.",OTHER_SCAM,English,eval_holdout,public_remap,False,sms,scammer,none,loan_app_fraud,accepted,remap:loan_app_fraud
ib_v1_000453,,"HDFC Customer Care: Sir, we don't send KYC update links via SMS. Your account KYC is complete. This is a phishing attempt. Please do not click the link. Report at cybercrime.gov.in",OTHER_SCAM,English,eval_holdout,public_remap,False,sms,scammer,none,kyc_fraud,accepted,remap:kyc_fraud
ib_v1_000454,,"आपका KYC पूरा नहीं है, तुरंत अपडेट करें immediately",OTHER_SCAM,English,eval_holdout,public_remap,False,sms,scammer,none,"urgency,_reward_or_suspicious_instructio",accepted,"remap:Urgency, reward or suspicious instruction"
ib_v1_000455,,"नमस्कार, मी मुंबई पोलीस सायबर सेल इन्स्पेक्टर पाटील बोलतोय. तुमच्या आधार कार्डवर drugs smuggling case नोंदली आहे. आत्ता skype वर या अन्यथा अटक होईल. केस नंबर MUM/CYB/2026/00847.",OTHER_SCAM,English,eval_holdout,public_remap,False,sms,scammer,none,brand_or_authority,accepted,remap:impersonation
ib_v1_000456,,"No catch — our goal is showcasing success. First, free webinar Sunday 11 AM. After that, if convinced, join our premium community (refundable ₹5,000 deposit, goes toward actual trading). Want me to block a seat?",OTHER_SCAM,English,eval_holdout,public_remap,False,sms,scammer,none,investment_fraud,accepted,remap:investment_fraud
ib_v1_000457,,"RBL Bank: Re-KYC required per Digital Personal Data Protection Act 2024. Link: https://rbl-dpdpa-kyc.top. Non-compliance Rs 2,500 penalty + account freeze.",OTHER_SCAM,English,eval_holdout,public_remap,False,sms,scammer,none,kyc_fraud,accepted,remap:kyc_fraud
